"IP Address","Port","Transport","Service","Operating System","Country","Country Code","City","Longitude","Latitude","Ransom Letter"
"181.24.222.100",3389,"tcp","Remote Desktop Protocol","Windows (build 10.0.19041)","Argentina","AR","Castelar",-58.64074,-34.65142,"Encrypted by BlackBit
All your files have been encrypted due to a security problem with your computer
If you want to restore them, write us to the e-mail: suppblackbitgmail.com
Write this ID in the title of your message: C055A248
In case of no answer in 24 hours write us to this e-mail: suppblackbitonionmail.org"
"190.15.197.146",3389,"tcp","Remote Desktop Protocol","Windows (build 10.0.14393)","Argentina","AR","Mendoza",-68.82717,-32.89084,"Your computer is encrypted
We encrypted and stolen all of your files.
Open HowToRecover.txt and follow the instructions to recover your files.
Your ID: 331A222BBF16BA80A6D27C4CC2FA8890"
"103.26.136.196",3389,"tcp","Remote Desktop Protocol","Windows (build 10.0.19041)","Bangladesh","BD","Dhaka",90.40744,23.7104,"Email : freeworld7001gmail.com
Encryption Number :
TRGBgCL gEv7cS5U730jjru2G-94zBOUO8NkmfvMVXQunbreakable
We Encrypted Your System. Pay If You Want Your Information. Send Me Your ID
Address After Contacting Us"
"45.236.242.228",3389,"tcp","Remote Desktop Protocol","Windows (build 10.0.19041)","Brazil","BR","Manaus",-60.025,-3.10194,"ATTENTION!
Dont worry, you can return all your files!
All your files like pictures, databases, documents and other important are encrypted
with strongest encryption and unique key.
The only method of recovering files is to purchase decrypt tool and unique key for
you.
This software will decrypt all your encrypted files.
What guarantees you have
You can send one of your encrypted file from your PC and we decrypt it for free.
But we can decrypt only 1 file for free. File must not contain valuable information.
Do not ask assistants from youtube and another sites,forums for help in recovering
your data.
They can use your free decryption quota and scam you.
Our contacts are in this text document only.
You can get and look video overview decrypt tool.
Price of private key and decryption software depends on your data
Discount 50 available if you contact us first 48 hours
Please note that youll never restore your data without payment.
Check your e-mail Spam or Junk folder if you dont get answer more than 6
hours.
We recommend to use GMAIL
To get this software you need write on our e-mail:
1)Mail - happynewyearcyberfear.com
LEYTE CYT YEW YET STW EY CRT SI VIE REEL YL LE 2 PN WE NY aide eile ele led ee ell"
"191.205.163.113",3389,"tcp","Remote Desktop Protocol","Windows Server 2012 R2","Brazil","BR","São Vicente",-46.39194,-23.96306,"Encrypted by Loki locker
All your files have been encrypted due to a security problem with your computer
If you want to restore them, write us to the e-mail: advanczinktutamail.com
Write this ID in the title of your message: 1E38F5EF
In case of no answer in 24 hours write us to this e-mail: advanczinkonionmail.org
am Windows Server 2012R2"
"189.6.195.84",3389,"tcp","Remote Desktop Protocol","Windows Server 2012 R2","Brazil","BR","Porto Alegre",-51.23019,-30.03283,"Hi, my dear friend (Do not under any circumstances check the files with antivirus. In case of data loss, the
consequences will be yours)
Your data is encrypted.
Your personal ID: QnyF6pq4U 3JryTZbSHTwMvUZgSh-Jy7IN7K7n0PswlUudddqp970sk
The only way to recover your files is to purchase a decryption tool and a unique key for you.
If you want to recover your files, email us at this email: hubbabubbaonionmail.com
Check your spam or junk mail folder if you dont receive a response for more than 6 hours.
Contact us as soon as possible, because those who fail to recover their data in time will end up on our press
release blog and the price they have to pay will increase significantly.
am Windows Server 2012R2"
"45.236.242.205",3389,"tcp","Remote Desktop Protocol","Windows (build 10.0.17763)","Brazil","BR","Manaus",-60.025,-3.10194,"gl
Your unique ID is: fC7uaQjOLsksnG27KpU90xOS-
kK1bCQAI2AFeiKkmW8platishilidrochishfear.pw
All your files are encrypted and to solve it need to pay
Before payment I can decrypt 1-2 small examples as proof to show you thats
working
My mail is platishilidrochishfear.pw
Also I have a Jabber LIVE MESSENGER if you want to solve it all fast
How to install and use
https:(pidgin.iminstall
Download and install it on your server
Open Pidgin
Press Add
Choose protocol - must be XMPP
In Username - choose your unique login
In domain put this - yax.im
Resource - Work
Password - Choose your own password
Check mark on remember password
Also check mark on CREATE THIS NEW ACCOUNT ON THE SERVER
After it will ask your credentials put them again
Press on Buddies buttom
Add a buddy, field with buddy username write - platishilidrochishyax.im
press add
Press Buddies - New instant message and put there this - platishilidrochishyax.im
Press ok and write me a message"
"191.205.165.119",3389,"tcp","Remote Desktop Protocol","Windows Server 2012 R2","Brazil","BR","São Vicente",-46.39194,-23.96306,"Encrypted by Loki locker
All your files have been encrypted due to a security problem with your computer
If you want to restore them, write us to the e-mail: advanczinktutamail.com
Write this ID in the title of your message: 1E38F5EF
In case of no answer in 24 hours write us to this e-mail: advanczinkonionmail.org
am Windows Server 2012R2"
"131.0.116.188",3389,"tcp","Remote Desktop Protocol","Windows Server 2022 (build 10.0.20348)","Brazil","BR","São Paulo",-46.63611,-23.5475,"gl
Your unique ID is: 4ZJBg5jr1KE4J-
bLNMobt27WEQHOvQgJPNFuHoNNsjcplatishilidrochishfear.pw
All your files are encrypted and to solve it need to pay
Before payment I can decrypt 1-2 small examples as proof to show you thats
working
My mail is platishilidrochishfear.pw
Also I have a Jabber LIVE MESSENGER if you want to solve it all fast
How to install and use
https:(pidgin.iminstall
Download and install it on your server
Open Pidgin
Press Add
Choose protocol - must be XMPP
In Username - choose your unique login
In domain put this - yax.im
Resource - Work
Password - Choose your own password
Check mark on remember password
Also check mark on CREATE THIS NEW ACCOUNT ON THE SERVER
After it will ask your credentials put them again
Press on Buddies buttom
Add a buddy, field with buddy username write - platishilidrochishyax.im
press add
Press Buddies - New instant message and put there this - platishilidrochishyax.im
Press ok and write me a message"
"187.86.56.236",3389,"tcp","Remote Desktop Protocol","Windows (build 10.0.19041)","Brazil","BR","Marechal Cândido Rondon",-54.05667,-24.55611,"Encrypted by Loki locker
All your files have been encrypted due to a security problem with your computer
If you want to restore them, write us to the e-mail: bitblackonionmail.org
Write this ID in the title of your message: 72105E56
In case of no answer in 24 hours write us to this e-mail: bitblackmailfence.com"
"45.236.242.194",3389,"tcp","Remote Desktop Protocol",NA,"Brazil","BR","Manaus",-60.025,-3.10194,"gl
Your unique ID is: NAxuwk-
dLguMp6zdTwZLi1rCEq5OVxCMOGnK 06GhXgplatishilidrochishfear.pw
All your files are encrypted and to solve it need to pay
Before payment I can decrypt 1-2 small examples as proof to show you thats working
My mail is platishilidrochishfear.pw
Also I have a Jabber LIVE MESSENGER if you want to solve it all fast
How to install and use
https:(pidgin.iminstall
Download and install it on your server
Open Pidgin
Press Add
Choose protocol - must be XMPP
In Username - choose your unique login
In domain put this - yax.im
Resource - Work
Password - Choose your own password
Check mark on remember password
Also check mark on CREATE THIS NEW ACCOUNT ON THE SERVER
After it will ask your credentials put them again
Press on Buddies buttom
Add a buddy, field with buddy username write - platishilidrochishyax.im
press add
Press Buddies - New instant message and put there this - platishilidrochishyax.im
Press ok and write me a message"
"46.40.126.252",3389,"tcp","Remote Desktop Protocol","Windows Server 2012","Bulgaria","BG","Sofia",23.32415,42.69751,"All your files have been encrypted
If you want to restore them, write us to the e-mail black privatetuta.io
or:
kingkong2tuta.io (Backup mail)
gt Windows Server 2012"
"130.204.248.19",3389,"tcp","Remote Desktop Protocol","Windows (build 10.0.17134)","Bulgaria","BG","Sofia",23.32415,42.69751,"Hi!
Your unique ID is: Hb2Tf5zamjmvV3BVxI5Gul-w9ZjS6OPE-
AbXvrJzJUMplatishilidrochishfear.pw
All your files are encrypted and to solve it need to pay
Before payment I can decrypt 1-2 small examples as proof to show you thats
working
My mail is platishilidrochishfear.pw
Also I have a Jabber LIVE MESSENGER if you want to solve it all fast
How to install and use
https:(pidgin.iminstall
Download and install it on your server
Open Pidgin
Press Add
Choose protocol - must be XMPP
In Username - choose your unique login
In domain put this - yax.im
Resource - Work
Password - Choose your own password
Check mark on remember password
Also check mark on CREATE THIS NEW ACCOUNT ON THE SERVER
After it will ask your credentials put them again
Press on Buddies buttom
Add a buddy, field with buddy username write - platishilidrochishyax.im
press add
Press Buddies - New instant message and put there this - platishilidrochishyax.im
Press ok and write me a message"
"102.67.114.186",3389,"tcp","Remote Desktop Protocol","Windows Server 2012 R2","Burkina Faso","BF","Ouagadougou",-1.53388,12.36566,"ALL YOUR WORK AND PERSONAL FILES HAVE
BEEN ENCRYPTED
To decrypt your files you need to buy the special software - Nemesis decryptor. You can find out the details f
buy decryptor key ask questions by email: de.altuta.io - Your personal ID: ( see the file )
am Windows Server 2012R2"
"142.161.22.37",3389,"tcp","Remote Desktop Protocol","Windows (build 10.0.19041)","Canada","CA","Winnipeg",-97.14704,49.8844,"Hello my dear friend (Do not scan the files with antivirus in any case. In case of data
loss, the consequences are yours)
Your data is encrypted by ELENOR-corp
Your decryption ID is t76EEhz5vkpjApegqgFyiV4ssiqgxCIV pYXq7019nQELENOR-
corp-t76EEhz5vkpjApegqgFylV4ssiqgxCIVpYXq7019nQ
Unfortunately for you, a major IT security weakness left you open to attack, your files
have been encrypted
The only method of recovering files is to purchase decrypt tool and unique key for
you.
If you want to recover your files, write us
1) eMail - Arleontuta.io
2) Telegram - DataSupport911 or https:(t.meDataSupport911
Attention!
Do not rename encrypted files.
Do not try to decrypt your data using third party software - it may cause permanent
data loss.
We are always ready to cooperate and find the best way to solve your problem.
The faster you write - the more favorable conditions will be for you.
Our company values its reputation. We give all guarantees of your files decryption."
"54.39.40.217",3389,"tcp","Remote Desktop Protocol","Windows (build 10.0.17763)","Canada","CA","Montréal",-73.5747,45.504,"Your computer is encrypted
We encrypted and stolen all of your files.
Open README.txt and follow the instructions to recover your files.
Your ID: FBCEA2EOABAOBS9E187DD8707633D99B"
"184.71.55.6",3389,"tcp","Remote Desktop Protocol","Windows Server 2008 R2 Standard","Canada","CA","Calgary",-114.08529,51.05011,"ATTENTION!!! Read Before Login
Your system has been hacked !!! Your system files are encrypted. An attempt to recover files on your own will
result in their complete loss. You urgently need to notify the management of your company about the
incident. Mail for communication: ihavenobackupgmail.com or 911filesonionmail.org!!!ONLY WE have the
recovery keys, before agreeing on the cost from the data recovery companies, ask OUR price
4 Windows Server-2008rz
Standard"
"140.246.103.236",3389,"tcp","Remote Desktop Protocol","Windows (build 6.3.9600)","China","CN","Guiyang",106.71667,26.58333,"Administrator
Enter password
Enter password for the encrypted file:
cmd.exe
Se Rasa, iasszl"
"27.155.101.129",3389,"tcp","Remote Desktop Protocol","Windows Server 2012 R2","China","CN","Dongjie",119.29449,26.08823,"Lambda Ransomware
All of your files are stolen and encrypted!
Find LAMBDAREADME.txt and follow instructions
am Windows Server 2012R2"
"117.80.113.41",3389,"tcp","Remote Desktop Protocol","Windows (build 6.3.9600)","China","CN","Shanghai",121.45806,31.22222,"Administrator
Enter password
Enter password for the encrypted file:
cmd.exe
Se Rasa, iasszl"
"14.29.187.161",3389,"tcp","Remote Desktop Protocol","Windows (build 6.3.9600)","China","CN","Shenzhen",114.0683,22.54554,"Administrator
Enter password
Enter password for the encrypted file:
RE(BJEll.bat
Se Rasa, iasszl"
"192.140.186.158",3389,"tcp","Remote Desktop Protocol","Windows Server 2012 R2","China","CN","Hubei",112.01144,38.99842,"Hello my dear friend (Do not scan the files with antivirus in any case. In case of data loss, the consequences are
yours)
Your data is encrypted
Your personal ID: JHueW2cuQfzb6RKIGZMkpxINx3d0aRSNNTXLN8UTnSYDemetro9990cock.li
Unfortunately for you, a major IT security weakness left you open to attack, your files have been encrypted
The only method of recovering files is to purchase decrypt tool and unique key for you.
Write to our mail - Demetro9990cock.li
In case of no answer in 24 hours write us to this backup e-mail: Symbatutanota.com
Check your e-mail Spam or Junk folder if you dont get answer more than 6 hours.
Contact us soon, because those who dont have their data leaked in our press release blog and the price they!ll
have to pay will go up significantly.
Attention!
Do not rename encrypted files.
Do not try to decrypt your data using third party software - it may cause permanent cata loss.
We are always ready to cooperate and find the best way to solve your problem.
The faster you write - the more favorable conditions will be for you.
Our company values its reputation. We give all guarantees of your files decryption.
What are your recommendations
- Never change the name of the files, if you want to manipulate the files, be sure to back them up. If there are
any problems with the files, we are not responsible for them.
- Never work with intermediary companies because they charge you more money.Dont be afraid of us, just
email us.
Sensitive data on your system was DOWNLOADED.
If you DONT WANT your sensitive data to be PUBLISHED you have to act quickly.
Data includes:
- Employees personal data, CVs, DL, SSN.
- Complete network map including credentials for local and remote services.
- Private financial information including: clients data, bills, budgets, annual reports, bank statements.
- Manufacturing documents including: datagrams, schemas, drawings in solidworks format
- And more...
gm Windows Server 2012 R2"
"117.72.124.239",3389,"tcp","Remote Desktop Protocol","Windows (build 10.0.17763)","China","CN","Tianjin",117.17667,39.14222,"WARNING WARNING WARNING.
Your Network Infected With BlackHunt Ransomware Team. ALL Your
important Files Encrypted and Stolen, Do You Want Your Files2 read
(ReadMe Files carefully and contact us by (supp1048Qcock.li) AND
(Gtodptuta.io"
"43.136.243.24",3389,"tcp","Remote Desktop Protocol","Windows Server 2012 R2","China","CN","Chengdu",104.06667,30.66667,"NOT YOUR LANGUAGE USE httpsiftranslate.google.com
What happened to your files 7
All of your files were protected by a strong encryption with RSA4096
More information about the encryption keys using RSA4096 can be found here: http:en.wikipedia.orgwikif
RSA (cryptosystem)
How did this happen 7
!! Specially for your PC was generated personal RSA4096 Key , both public and private.
!! ALL YOUR FILES were encrypted with the public key, which has been transferred to your computer via the
Intemet.
!!! Decrypting of your files is only possible with the help of the private key and decrypt program , which is on our
Ja SRY og
What do I do 7
So, there are two ways you can choose: wait for a miracleand get your PRICE DOUBLED! Or start obtaining
BITCOIN NOW! , and restore YOUR  DATA easy way
If You have really valuable DATA , you better NOT  WASTE YOUR  TIME, because there is NO other way
to get your files, except make a PAYMENT
Your personal ID: H7awlUArCfxTIPUTNcsZCpM76INPriIAISWrVublddgk decrypting cock.li
If you want to recover your files, write us to our mail - decryptingcock.li
decryptingcyberfear.com
Attention!
Do not rename encrypted files.
Do not try to decrypt your data using third party software - it may cause permanent cata loss.
We are always ready to cooperate and find the best way to solve your problem.
The faster you write - the more favorable conditions will be for you.
Our company values its reputation. We give all guarantees of your files decryption.
gm Windows Server 2012 R2"
"220.203.22.171",3389,"tcp","Remote Desktop Protocol","Windows (build 10.0.17763)","China","CN","Shanghai",121.45806,31.22222,"enzo Ransomware
All your files are stolen and encrypted
Find enzo Help.txt file
and follow instructions"
"183.167.238.105",3389,"tcp","Remote Desktop Protocol","Windows 7 Ultimate","China","CN","Shanghai",121.45806,31.22222,"Encrypted by trust
Email us for recovery: backups2mail.co
In case of no answer, send to this email: backups2mail.co
Your ungiue ID:
FC1D6C88D6021050DCE04FA83F4BD78D
CA Tale le SW A de"
"106.75.36.7",3389,"tcp","Remote Desktop Protocol","Windows Server 2008 R2 Datacenter","China","CN","Beijing",116.39723,39.9075,"Hello my dear friend (Do not scan the files with antivirus in any case. In case of data loss, the
consequences are yours)
Your data is encrypted
Your personal ID: YeBk8KULUQHGqPL6JkJErhwkaYHQkKfx3nvSS4eCviIDemetro9990cock.li
Unfortunately for you, a major IT security weakness left you open to attack, your files have been
encrypted
The only method of recovering files is to purchase decrypt tool and unique key for you.
Write to our mail - Demetro9990cock.li
In case of no answer in 24 hours write us to this backup e-mail: Symbatutanota.com
Check your e-mail Spam or Junk folder if you dont get answer more than 6 hours.
Contact us soon, because those who dont have their data leaked in our press release blog and
the price theyll have to pay will go up significantly.
Attention!
Do not rename encrypted files.
Do third party software - it may cause permanent data loss.
4 Windows Server-2008rz
Datacenter"
"111.21.208.42",3389,"tcp","Remote Desktop Protocol","Windows Server 2008 R2 Enterprise","China","CN","Xi’an",108.92861,34.25833,"Lucas Ransomware
All your files are stolen and encrypted
Find Lucas Help.txt file
and follow instructions
Lar
Enterprise"
"160.202.251.34",6008,"tcp","VNC",NA,"China","CN","Wuhan",114.26667,30.58333,"Applications Places  SpyGlass Explorer: spyglass-1.prj Thu 11:30e  & OO
Modular Schematic - oO x
4 File Edit View Tools Hel
i 2 SE 4 I Help
!
ry
File, Edit, View, Tools, Help, DesignSett , - ve BR Pa UF fr D- er one i
J Run Goal: linvlintrd v l ! Incremental Mode
NStance
nl 3
!
7 begin
-T D testt 8 1f(1rese Lo.
9 outl - nl
10 else
11 outl s
12 end
13 test tes
14 .dout2 (
15 .dinl (yx
16 .dclk (y
17 .dreset
18 endmodu
19 module t
20 output d
21 input d
22 reg dout
Vn
rv
uy
23 always 4
24 begin
25 if ( itdreg
26 doutl
27 else
28 doutl
29 end
30 endmodu
31
Instances
4 mB CO
Modules Files l Constraints a
Goal by Rule a Es J hy BN bd A
Group By:
Il 1X
BE C1 Message Tree ( Total: 67, Displayed: 67. Waived: 0 )
oO
GO linvlies tise:
hl 13
d
Tw
ae Ix
Legend Description  Update With Mouse Hover y) Selector... -.
4
sks mmm Partially visible Net(s)
Gi tps
t Im Asynchronous I:: signal OF res27 (ou TOP eset) used.
Somer ysste stl Line no. Iz)
& tp
Tr Clock signal -!122-7 used as a non-clock (Used with name T
Ir Wels il Varabersiqvalthatdaes cot pferacestate avd has 71. tiple
B Ir
- Properties
Property Value
Object Name doutl
Full Hierarchical Name TOPtestl.doutl
i !  Diveable Instance
Virtual Group
Blackbox Module
Schematic Legend
Schematic Debug...
Encrypted Module M
4 Lp
AO
f tr
BI
HO
AO
4 Lp
AO
Ao
HO
HO
BI
4 Lp
4
Violations
Shell J Waiver Tree
Search w v ! in Message Tree v mom X
oO BB mastericpc:!script-sqirl Ca SpyGlass Explorer: spyglass-1.prj Modular Schematic"
"114.132.204.220",3389,"tcp","Remote Desktop Protocol","Windows Server 2012 R2","China","CN","Guangzhou",113.25,23.11667,"Hello my dear friend (Do not scan the files with antivirus in any case. In case of data loss, the consequences are
yours)
Your data is encrypted
Your personal ID: nuUpMkvIW7FGGSmh3Cdt4FMBvBysideQwKEYj082ZiUDemetro9990cock.li
Unfortunately for you, a major IT security weakness left you open to attack, your files have been encrypted
The only method of recovering files is to purchase decrypt tool and unique key for you.
Write to our mail - Demetro9990cock.li
In case of no answer in 24 hours write us to this backup e-mail: Symbatutanota.com
Check your e-mail Spam or Junk folder if you dont get answer more than 6 hours.
Contact us soon, because those who dont have their data leaked in our press release blog and the price they!ll
have to pay will go up significantly.
Attention!
Do not rename encrypted files.
Do not try to decrypt your data using third party software - it may cause permanent cata loss.
We are always ready to cooperate and find the best way to solve your problem.
The faster you write - the more favorable conditions will be for you.
Our company values its reputation. We give all guarantees of your files decryption.
What are your recommendations
- Never change the name of the files, if you want to manipulate the files, be sure to back them up. If there are
any problems with the files, we are not responsible for them.
- Never work with intermediary companies because they charge you more money.Dont be afraid of us, just
email us.
Sensitive data on your system was DOWNLOADED.
If you DONT WANT your sensitive data to be PUBLISHED you have to act quickly.
Data includes:
- Employees personal data, CVs, DL, SSN.
- Complete network map including credentials for local and remote services.
- Private financial information including: clients data, bills, budgets, annual reports, bank statements.
- Manufacturing documents including: datagrams, schemas, drawings in solidworks format
- And more...
gm Windows Server 2012 R2"
"117.72.121.184",3389,"tcp","Remote Desktop Protocol","Windows (build 10.0.17763)","China","CN","Tianjin",117.17667,39.14222,"WARNING WARNING WARNING.
Your Network Infected With BlackHunt Ransomware Team. ALL Your
important Files Encrypted and Stolen, Do You Want Your Files2 read
(ReadMe Files carefully and contact us by (supp1048Qcock.li) AND
(Gtodptuta.io"
"182.43.251.38",3389,"tcp","Remote Desktop Protocol","Windows (build 6.3.9600)","China","CN","Guiyang",106.71667,26.58333,"Administrator
Enter password
Enter password for the encrypted file:
cmd.exe
Se Rasa, iasszl"
"90.180.35.247",3389,"tcp","Remote Desktop Protocol","Windows Server 2008 R2 Foundation","Czechia","CZ","Ostrava",18.28204,49.83465,"Attention!
Your computer has been encrypted with the strongest algoritm. All the files remain in your computer but you
have to execute our software to repair them. If you use other decrypters or methods you will loose your data
for ever. You have to contact us by email to get the correct software.
Email : computer.antibioticmail.ru
Your computer Identification code: 11BEC17CZ
NOTE: We can prove your data is safe and we can actually fix it. If you do not receive an answer in 1-2 hours,
contact us from another email and check the junk folder. If you dont contact us you will not recover your files.
EA a Tr
Foundation"
"90.176.155.16",3389,"tcp","Remote Desktop Protocol","Windows (build 10.0.19041)","Czechia","CZ","Ostrava",18.28204,49.83465,"All your valiable data has been encrypted!
Hello! Sorry, but we have inform you that your order has been blocked due to the
issue of securities. Make sure your data is not blocked.
All your valuable files were encrypted with strong encryption algorithms AES-256 4
RSA-2048 CHACHA and renamed. You can read about these algorithms in Google.
Your unique encryption key is stored securely on our server and your data can be
decrypted quickly and securely.
We can prove that we can decrypt all of your data. Please just send us 3 small
encrypted files which are randomly stored on your server.
We will decrypt these files and send them to you as a proof. Please note that files for
free test decryption should not contain valuable information.
As you know information is the most valuable resource in the world. Thats why all of
your confidential data was uploaded to our servers.
If you will not start a dialogue with us in 72 hours
we will be forced to publish your files in the Darknet. Your customers and partners
will be informed about the data leak by email or phone.
This way, your reputation will be ruined. If you will not react, we will be forced to sell
the most important information such as databases
to interested parties to generate some profit.
Please understand that we are just doing our job. We dont want to harm your
company.
Think of this incident as an opportunity to improve your security. We are opened for
dialogue and ready to help you. We are professionals,
please dont try to fool us.
Out contacts
If you want to resolve this situation, please write here:
Pi asta aa"
"95.154.30.198",3389,"tcp","Remote Desktop Protocol","Windows Web Server 2008 R2","Denmark","DK","Varde",8.48069,55.62112,"Black Ransomware
All your files are stolen and encrypted
Find BlackSilentHelp.tut file
and follow instructions
RATA IPT"
"41.33.183.69",3389,"tcp","Remote Desktop Protocol","Windows (build 10.0.17763)","Egypt","EG","Cairo",31.24967,30.06263,"Encrypted by trust
Email us for recovery: backups2mail.co
In case of no answer, send to this email: backups2mail.co
Your ungiue ID:
B39186CF99BC6C73DCE04FA83F4BD78D"
"196.221.202.50",3389,"tcp","Remote Desktop Protocol","Windows Server 2012 R2","Egypt","EG","Cairo",31.24967,30.06263,"Your computer is encrypted
We encrypted and stolen all of your files.
Open HowToRecover.txt and follow the instructions to recover your files.
Your ID: 1F214236A079A1F435F23CACB380621A
am Windows Server 2012R2"
"41.32.213.90",3389,"tcp","Remote Desktop Protocol","Windows (build 10.0.19041)","Egypt","EG","Giza",31.20861,30.00944,"Your computer is encrypted
We encrypted and stolen all of your files.
Open HowToRecover.txt and follow the instructions to recover your files.
Your ID: E537456EA4079CAD9681C08692BA9069"
"46.62.206.179",3389,"tcp","Remote Desktop Protocol","Windows (build 10.0.17763)","Finland","FI","Vaala",26.7669,64.5739,"Hello my dear friend (Do not scan the files with antivirus in any case. In case of data
loss, the consequences are yours)
Your data is encrypted by ENKACRYPT
Your decryption ID is QlIAoC9s7x3t-PwzShHL641PD-qtbRI6gZewb45n-
Uwenkacrypt-QlIAoC9s7x3t- PwzShHL641PD-qtbRi6gZewb45n-Uw
Unfortunately for you, a major IT security weakness left you open to attack, your files
have been encrypted
The only method of recovering files is to purchase decrypt tool and unique key for
you.
If you want to recover your files, write us
1) eMail - enkacryptonionmail.org
2) eMail - enkacryptproton.me
Attention!
Do not rename encrypted files.
Do not try to decrypt your data using third party software - it may cause permanent
data loss.
We are always ready to cooperate and find the best way to solve your problem.
The faster you write - the more favorable conditions will be for you.
Our company values its reputation. We give all guarantees of your files decryption."
"37.59.220.207",3389,"tcp","Remote Desktop Protocol","Windows (build 10.0.19041)","France","FR","Dunkerque",2.37681,51.0344,"YOUR FILES ARE ENCRYPTED
Your personal ID: nsxih14gOXVwWYKEb2SCsAcL SzxUki3YgCQHVjPGgWE4nb2I2xs0r2
I noticed you might have a question or issue worth discussing. I - 4m here to help!
Drop me a line at
tox
41988DCEAFE1BA45094F864E0C5 73A7A89A738ESAA3E6C1FBDF7DA602E3CDD5D5
7CFO8FEDC7A
email: 99decryptonionmail.com
email reserve: 99decryptreserveonionmail.com
and we - Wl find a solution quickly."
"164.68.123.25",3389,"tcp","Remote Desktop Protocol","Windows (build 10.0.14393)","Germany","DE","Frankfurt am Main",8.68417,50.11552,"Vohuk Ransomware
All your files are stolen and encrypted!
Please find R3ADM3.txt file
and follow the instruction!"
"217.160.178.120",3389,"tcp","Remote Desktop Protocol","Windows Server 2012 R2","Germany","DE","Stuttgart",9.17702,48.78232,"Hello my dear friend (Do not scan the files with antivirus in any case. In case of data loss, the consequences are
yours)
Your data is encrypted
Your personal ID: yif6Uks1ZCleD-WLkygbGJYzr7Mo5KmHxbQyFe7m900Demetro9990cock.li
Unfortunately for you, a major IT security weakness left you open to attack, your files have been encrypted
The only method of recovering files is to purchase decrypt tool and unique key for you.
Write to our mail - Demetro9990cock.li
In case of no answer in 24 hours write us to this backup e-mail: Symbatutanota.com
Check your e-mail Spam or Junk folder if you dont get answer more than 6 hours.
Contact us soon, because those who dont have their data leaked in our press release blog and the price they!ll
have to pay will go up significantly.
Attention!
Do not rename encrypted files.
Do not try to decrypt your data using third party software - it may cause permanent cata loss.
We are always ready to cooperate and find the best way to solve your problem.
The faster you write - the more favorable conditions will be for you.
Our company values its reputation. We give all guarantees of your files decryption.
What are your recommendations
- Never change the name of the files, if you want to manipulate the files, be sure to back them up. If there are
any problems with the files, we are not responsible for them.
- Never work with intermediary companies because they charge you more money.Dont be afraid of us, just
email us.
Sensitive data on your system was DOWNLOADED.
If you DONT WANT your sensitive data to be PUBLISHED you have to act quickly.
Data includes:
- Employees personal data, CVs, DL, SSN.
- Complete network map including credentials for local and remote services.
- Private financial information including: clients data, bills, budgets, annual reports, bank statements.
- Manufacturing documents including: datagrams, schemas, drawings in solidworks format
- And more...
gm Windows Server 2012 R2"
"178.18.241.239",3389,"tcp","Remote Desktop Protocol","Windows (build 10.0.17763)","Germany","DE","Düsseldorf",6.77616,51.22172,"Hello my dear friend (Do not scan the files with antivirus in any case. In case of data
loss, the consequences are yours)
Your data is encrypted by ENKACRYPT
Your decryption ID is
7jtgXmrIn9ond20blAaL3tG2dxcOcFnuZyc oE4D0enkacrypt-7jtgXmr9nSond20Obl
AalL3tG2d xcOcFnuZy coE4DO
Unfortunately for you, a major IT security weakness left you open to attack, your files
have been encrypted
The only method of recovering files is to purchase decrypt tool and unique key for
you.
If you want to recover your files, write us
1) eMail - enkacryptGonionmail.org
2) eMail - enkacryptproton.me
Attention!
Do not rename encrypted files.
Do not try to decrypt your data using third party software - it may cause permanent
data loss.
We are always ready to cooperate and find the best way to solve your problem.
The faster you write - the more favorable conditions will be for you.
Our company values its reputation. We give all guarantees of your files decryption."
"82.165.50.61",3389,"tcp","Remote Desktop Protocol","Windows Server 2022 (build 10.0.20348)","Germany","DE","Berlin",13.41053,52.52437,"Encrypted by Loki locker
All your files have been encrypted due to a security problem with your computer
If you want to restore them, write us to the e-mail: Dalvinhoomertutamail.com
Write this ID in the title of your message: 6E58D05A
In case of no answer in 24 hours write us to this e-mail:
Dalvinhoomeronionmail.org"
"173.249.10.191",3389,"tcp","Remote Desktop Protocol","Windows Server 2022 (build 10.0.20348)","Germany","DE","Frankfurt am Main",8.68417,50.11552,"Ronin Ransomware
All your files are stolen and encrypted
Find Ronin Help.txt file
and follow instructions"
"173.212.230.252",3389,"tcp","Remote Desktop Protocol","Windows (build 10.0.14393)","Germany","DE","Frankfurt am Main",8.68417,50.11552,"ATTENTION!!! Read Before Login
Your system has been hacked !!! Your system files are encrypted and uploaded to our
servers. An attempt to recover files on your own will result in their complete loss. You
urgently need to notify the management of your company about the incident. Mail for
communication: spaceb.supportonionmail.org support.spacebmailum.com ONLY
WE have the recovery keys, before agreeing on the cost from the data recovery
companies, ask OUR price"
"162.55.98.172",3389,"tcp","Remote Desktop Protocol","Windows (build 10.0.17763)","Germany","DE","Falkenstein",12.37129,50.47788,"Anubi Ransomware
All your files are stolen and encrypted
Find AnubiHelp.txt file
and follow instructions"
"207.180.210.53",3389,"tcp","Remote Desktop Protocol","Windows (build 10.0.14393)","Germany","DE","Frankfurt am Main",8.68417,50.11552,"ATTENTION!
Dont worry, you can return all your files!
All your files like pictures, databases, documents and other important are encrypted
with strongest encryption and unique key.
The only method of recovering files is to purchase decrypt tool and unique key for you.
This software will decrypt all your encrypted files.
What guarantees you have
You can send 1-2 of your encrypted files from your PC and we decrypt it for free.
But we can decrypt only 2 files for free. File must not contain valuable information.
Price of private key and decrypt software depends on your information
Discount 50 available if you contact us first 48 hours after encryption.
Please note that youll never restore your data without payment.
Your personal ID:
PLIFYI2DkKmBBbZUgw8iv03nROsuDyRv8qPb6pU22FMHORSESARESEXY
OUR CONTACTS:
1) TOX messenger (fast and anonymous)
https:tox.chatdownload.html
Install qtox
Press sign up
Create your own name
Press plus
Put there our tox ID:
E9164A9824 10EFAEBC451C1D5629A2CBB7SDBB6BCDBD6D2BA94F4D0A7B0B616F9114
96E469FB
And add mewrite message
2)ICQ - HORSESARESEXY
3)SKYPE - HORSESARESEXY DECRYPTION"
"31.57.97.226",3389,"tcp","Remote Desktop Protocol","Windows (build 10.0.14393)","Germany","DE","Aachen",6.08342,50.77664,"Your computer is encrypted
We encrypted and stolen all of your files.
Open README.txt and follow the instructions to recover your files.
Your ID: 6C92A8B35A67B36B187DD8707633D99B"
"5.189.140.65",3389,"tcp","Remote Desktop Protocol","Windows Server 2012 R2","Germany","DE","Frankfurt am Main",8.68417,50.11552,"Hello my dear friend (Do not scan the files with antivirus in any case. In case of data loss, the consequences are
yours)
Your data is encrypted by HALE
Your decryption ID is KIFbG2ObZQ9pvszu6bWUQ3f Sj4tywwOVIneDZ6aDAOHALE-
KIFbG20bZ(9pvszubbWUQ3f Sj4tywwOVIneDZ6aDAO
Unfortunately for you, a major IT security weakness left you open to attack, your files have been encrypted
The only method of recovering files is to purchase decrypt tool and unique key for you.
If you want to recover your files, write us
1) eMail - halepik9tuta.io
2) eMail - halepikcyberfear.com
Attention!
Do not rename encrypted files.
Do not try to decrypt your data using third party software - it may cause permanent data loss.
We are always ready to cooperate and find the best way to solve your problem.
The faster you write - the more favorable conditions will be for you.
Our company values its reputation. We give all guarantees of your files decryption.
am Windows Server 2012R2"
"78.47.205.145",3389,"tcp","Remote Desktop Protocol","Windows Server 2012 R2","Germany","DE","Falkenstein",12.37129,50.47788,"Your computer is encrypted
We encrypted and stolen all of your files.
Open README.txt and follow the instructions to recover your files.
Your ID: 114051E52D2A07E8187DD8707633D99B
gm Windows Server 2012 R2"
"84.205.252.250",3389,"tcp","Remote Desktop Protocol","Windows Server 2012","Greece","GR","Thessaloníki",22.93086,40.64361,"Encrypted by Loki locker
All your files have been encrypted due to a security problem with your computer
If you want to restore them, write us to the e-mail: unlockfileonionmail.org
Write this ID in the title of your message: BASEB9B8
In case of no answer in 24 hours write us to this e-mail: Goldfishdecmailfence.com
gt Windows Server 2012"
"103.146.79.68",3389,"tcp","Remote Desktop Protocol","Windows Server 2012 R2","Hong Kong","HK","Tseung Kwan O",114.24992,22.32789,"Important Notice!
2333 1703403033 IF IR IRHIE IF IR HIRI IE TR IR IRIE IF HFA HIRI TE
FRAWIS 17 VAR 993 39F TI) 99494995 99 F179 IR HIR IIE TR IR HI 494594594715 794
9A 9A 939495 49594 F 494 94994 994 94 TT ET 93994944 943 994 94 394 F415 5
FRAWIR IF TAR ARIF IFT) 4949938995 9999499934 494 959 9994493919 494 544 944493795
ray
3949947145494 7947177 718 3B 1 AY FI 18 418 444494717718 43 AY 4347354731 A
BORGR RGR HOR GY USHR GRU HRW AB AR GROHR GY ROHS
oon Soe ON
FARIA Ib 9994 99999389 9F 917 49h 94994 94 99 99414 494994 994 944 493 494543
4R794 TFTA 393794 TI 95 99RD 994 994 FI 993993 994 99434493 IE IY 494459451494
94744953994 914 999994414994 994994 994 94 9 87 9A 94 9499399491494 9494
SY Sun) Son) Son Sen) Sen 5 doe) Von) Son) Son Soe) See) Se) Se one on) Soe) Son 8 Oo! Soy Soe) Soe) SoS Oo
oon Soe ON
VS AIST IF TU RTARTA FI 999993 99F FF TIA FRIAR DAB TS 4939593 FI) 4434714794
94744953994 914 999994414994 994994 994 94 9 87 9A 94 9499399491494 9494
oon Soe ON
SRA 99R39F IF 9493 IF IY BID 944994994 99 994414494594 594 7944937145945
A794 7TI4 TIA 793794 TIA TA I 9939994 994 FI 993993 994 99499493 VIE AY FI 4594493733
3949449493 FY AD 4599954999994 959 943 9394 HIF 97 VA 9A 9A 943 9941494944
FRAWIS IF TR RIF IF TI7 3449314 994 994 794 993 FI 399 394 F14 494 FI IE IY FAIR
oon Soe ON
Soon 90 OS oe BO ee BS Se Ee ES AS Of Pe oP Wen Pee fa fe de OS OP Ce oP Cee of Coe lc RS IY TA
JARI ARB AY AI TA AY AAA TAT ABE AI AY FAI AS 1 AB ABA AY 74474418 418
See oes Oe Ew) 2a) oe os ooe Ros hoe Rew Ree oon bee seer sec eee) aac) een oe hoon beer Soccer me
BF BS BS AS ES Se RS Oo ce oe Doo Pena Pe Ode Re to oe So Oe Se oP ten op ee oP Coe ba fee BO
aAhAwy
Your files have been successfully encrypted!
We have gained unauthorized access to your data and have employed a sophisticated encryption algorithm to
secure it. In order to restore access to your important files, you are required to complete the following steps:
gm Windows Server 2012 R2"
"185.242.233.4",3389,"tcp","Remote Desktop Protocol","Windows Server 2008 R2 Datacenter","Hong Kong","HK","Tseung Kwan O",114.24992,22.32789,"Hello my dear friend (Do not scan the files with antivirus in any case. In case of data loss, the
consequences are yours)
Your data is encrypted
Your personal ID: VBE3C85aMchOwK9AP3uAMmAAePsy85esc76q7IPi0gDemetro9990cock.li
Unfortunately for you, a major IT security weakness left you open to attack, your files have been
encrypted
The only method of recovering files is to purchase decrypt tool and unique key for you.
Write to our mail - Demetro9990cock.li
In case of no answer in 24 hours write us to this backup e-mail: Symbatutanota.com
Check your e-mail Spam or Junk folder if you dont get answer more than 6 hours.
Contact us soon, because those who dont have their data leaked in our press release blog and
the price theyll have to pay will go up significantly.
Attention!
Do not rename encrypted files.
4 Windows Server-2008rz
Datacenter"
"194.41.59.7",3389,"tcp","Remote Desktop Protocol","Windows Server 2012 R2","Hong Kong","HK","Tsuen Wan",114.11329,22.37137,"Hello my dear friend (Do not scan the files with antivirus in any case. In case of data loss, the consequences are
yours)
Your data is encrypted
Your personal ID: 6CiJUgMqWthUISKR3 cT2wstlINZzKshqd1JINNtq7hgDemetro9990cock.li
Unfortunately for you, a major IT security weakness left you open to attack, your files have been encrypted
The only method of recovering files is to purchase decrypt tool and unique key for you.
Write to our mail - Demetro9990cock.li
In case of no answer in 24 hours write us to this backup e-mail: Symbatutanota.com
Check your e-mail Spam or Junk folder if you dont get answer more than 6 hours.
Contact us soon, because those who dont have their data leaked in our press release blog and the price they!ll
have to pay will go up significantly.
Attention!
Do not rename encrypted files.
Do not try to decrypt your data using third party software - it may cause permanent cata loss.
We are always ready to cooperate and find the best way to solve your problem.
The faster you write - the more favorable conditions will be for you.
Our company values its reputation. We give all guarantees of your files decryption.
What are your recommendations
- Never change the name of the files, if you want to manipulate the files, be sure to back them up. If there are
any problems with the files, we are not responsible for them.
- Never work with intermediary companies because they charge you more money.Dont be afraid of us, just
email us.
Sensitive data on your system was DOWNLOADED.
If you DONT WANT your sensitive data to be PUBLISHED you have to act quickly.
Data includes:
- Employees personal data, CVs, DL, SSN.
- Complete network map including credentials for local and remote services.
- Private financial information including: clients data, bills, budgets, annual reports, bank statements.
- Manufacturing documents including: datagrams, schemas, drawings in solidworks format
- And more...
gm Windows Server 2012 R2"
"79.139.59.245",3389,"tcp","Remote Desktop Protocol","Windows (build 10.0.17763)","Hungary","HU","Budapest",19.04045,47.49835,"Your computer is encrypted
We encrypted and stolen all of your files.
Open HowToRecover.txt and follow the instructions to recover your files.
Your ID: 125FO1CBE646BB84C1EA829E30C4C217"
"111.93.164.101",3389,"tcp","Remote Desktop Protocol","Windows (build 10.0.19041)","India","IN","Kolkata",88.36304,22.56263,"Your files was encrypted. Read Before Login
Your system has been tested for security and has failed. We specialize in file
encryption and are also involved in industrial, economic and corporate espionage.
Sorry, but this is just business. Any your confidential files have been stolen and will
be sold to interested people or your competitors if you do not pay for their removal
or decryption of the files. For comunication with us you have to create free own
email account on PROTONMAIL or TUTANOTA and write us from. We not receive
google gmail messages. Email for communication: BITSUPPFIREMAIL.CC"
"103.224.243.195",3389,"tcp","Remote Desktop Protocol","Windows Server 2012 R2","India","IN","Pune",73.85535,18.51957,"SYSTEM HACKED BY XRET
All information has been encrypted. Contact us with ID: F898D7E830
gm Windows Server 2012 R2"
"45.120.17.16",3389,"tcp","Remote Desktop Protocol","Windows (build 6.3.9600)","India","IN","Baharampur",88.25155,24.10473,"Hello my dear friend (Do not scan the files with antivirus in any case. In case of data loss, the consequences are
yours)
Your data is encrypted by HALE
Your decryption ID is
4ZW4YI2)JARMFAgmRInXOfpHxytyDkf3 kooPEncOCHOHALE-4ZW4YI2JARMFAgmRInXOfpHxytyDkf3 kooPEncOC
HO
Unfortunately for you, a major IT security weakness left you open to attack, your files have been encrypted
The only method of recovering files is to purchase decrypt tool and unique key for you.
If you want to recover your files, write us
1) eMail - halepik9tuta.io
2) eMail - halepikcyberfear.com
Attention!
Do not rename encrypted files.
Do not try to decrypt your data using third party software - it may cause permanent data loss.
We are always ready to cooperate and find the best way to solve your problem.
The faster you write - the more favorable conditions will be for you.
Our company values its reputation. We give all guarantees of your files decryption."
"103.69.196.65",3389,"tcp","Remote Desktop Protocol","Windows Server 2012 R2","India","IN","Delhi",77.23149,28.65195,"Hello my dear friend (Do not scan the files with antivirus in any case. In case of data loss, the consequences are
yours)
Your data is encrypted by HALE
Your decryption ID is 61qb7fGdl4sZ5Sm6N57Lwik-thocbeZ)3p4jroNAxym8HALE-61qb7fGdM4sZ5m6N57Lwik-
thocbeZ)3p4jrONAxym8
Unfortunately for you, a major IT security weakness left you open to attack, your files have been encrypted
The only method of recovering files is to purchase decrypt tool and unique key for you.
If you want to recover your files, write us
1) eMail - halepik9tuta.io
2) eMail - halepikcyberfear.com
Attention!
Do not rename encrypted files.
Do not try to decrypt your data using third party software - it may cause permanent data loss.
We are always ready to cooperate and find the best way to solve your problem.
The faster you write - the more favorable conditions will be for you.
Our company values its reputation. We give all guarantees of your files decryption.
am Windows Server 2012R2"
"103.242.78.143",3389,"tcp","Remote Desktop Protocol","Windows Server 2012 R2","Indonesia","ID","Jember",113.69953,-8.17211,"ATTENTION!!! Read Before Login
Your system has been hacked !!! Your system files are encrypted and uploaded to our servers. An attempt to
recover files on your own will result in their complete loss. You urgently need to notify the management of your
company about the incident. Mail for communication: DickLee 888&gmx.com sb supportcyberfear.com
ONLY WE have the recovery keys, before agreeing on the cost from the data recovery companies, ask OUR price
gm Windows Server 2012 R2"
"122.102.41.54",3389,"tcp","Remote Desktop Protocol","Windows Server 2012 R2","Indonesia","ID","Jakarta",106.84513,-6.21462,"Encrypted by Loki locker
All your files have been encrypted due to a security problem with your computer
If you want to restore them, write us to the e-mail: zxulansisonionmail.org
Write this ID in the title of your message: 9A7307DC
In case of no answer in 24 hours write us to this e-mail: companyadvancmailfence.com
am Windows Server 2012R2"
"79.7.68.146",3389,"tcp","Remote Desktop Protocol","Windows Server 2008 R2 Standard","Italy","IT","Rome",12.51133,41.89193,"All files have been encrypted due to security problems on your computer.
If you want to recover them, please visit our website:
https:fclient.pay2key.com,2userid-v-i-3wHwFWFuw B jcpqA3drgbDNrlEJVwfyqRDrHDMfykhb
Before payment you will be able to send up to 3 test files for free decryption.
After payment, the system will automatically tssue a tool to fully recover all your files.
Your unique ID: v-i-3wHwFWFuw B jcpqA3drgbDNrlEJVwfyqRDrHDMfykhb
If first address cannot be opened, visit our main site on the I2P network (similar to TOR):
http:pay2keys7rgdzrhgzxyd7 egpxc2pusdrkofmafnwclts2mijsrva.b32.i2p2userid-v-i-3wHwFWFuw B jcpqA3c
Aye ae ae eect DU Ca esteee ulna aed Pare eet dt tog cle Lc
4 Windows Server-2008rz
Standard"
"151.84.228.90",3389,"tcp","Remote Desktop Protocol","Windows Server 2012 R2","Italy","IT","Tortona",8.86374,44.89784,"WARNING WARNING WARNING.
Your Network Infected With BlackHunt Ransomware Team. ALL Your important Files Encrypted and Stolen,
Do You Want Your Files7 read (ReadMe Files carefully and contact us by hOrustuta.iol AND
revenantdecgmail.com)
am Windows Server 2012R2"
"207.148.99.171",3389,"tcp","Remote Desktop Protocol","Windows (build 10.0.19041)","Japan","JP","Ōi",139.7302,35.609,"Encrypted by Loki locker
All your files have been encrypted due to a security problem with your computer
If you want to restore them, write us to the e-mail: parosilvermail.ee
Write this ID in the title of your message: 70C3B1A8
In case of no answer in 24 hours write us to this e-mail: restorelockimy.com"
"156.236.74.227",3389,"tcp","Remote Desktop Protocol","Windows Server 2012 R2","Japan","JP","Tokyo",139.69171,35.6895,"Hello my dear friend (Do not scan the files with antivirus in any case. In case of data loss, the consequences are
yours)
Your data is encrypted
Your personal ID: brMVBZTClaaBlyyEljq17M3NAavKBxLNSbUdKM3qnzQDemetro9990cock.li
Unfortunately for you, a major IT security weakness left you open to attack, your files have been encrypted
The only method of recovering files is to purchase decrypt tool and unique key for you.
Write to our mail - Demetro9990cock.li
In case of no answer in 24 hours write us to this backup e-mail: Symbatutanota.com
Check your e-mail Spam or Junk folder if you dont get answer more than 6 hours.
Contact us soon, because those who dont have their data leaked in our press release blog and the price they!ll
have to pay will go up significantly.
Attention!
Do not rename encrypted files.
Do not try to decrypt your data using third party software - it may cause permanent cata loss.
We are always ready to cooperate and find the best way to solve your problem.
The faster you write - the more favorable conditions will be for you.
Our company values its reputation. We give all guarantees of your files decryption.
What are your recommendations
- Never change the name of the files, if you want to manipulate the files, be sure to back them up. If there are
any problems with the files, we are not responsible for them.
- Never work with intermediary companies because they charge you more money.Dont be afraid of us, just
email us.
Sensitive data on your system was DOWNLOADED.
If you DONT WANT your sensitive data to be PUBLISHED you have to act quickly.
Data includes:
- Employees personal data, CVs, DL, SSN.
- Complete network map including credentials for local and remote services.
- Private financial information including: clients data, bills, budgets, annual reports, bank statements.
- Manufacturing documents including: datagrams, schemas, drawings in solidworks format
- And more...
gm Windows Server 2012 R2"
"170.205.29.131",3389,"tcp","Remote Desktop Protocol","Windows Server 2022 (build 10.0.20348)","Japan","JP","Kobe",135.183,34.6913,"Encrypted by trust
Email us for recovery: RanSuppcock.li
In case of no answer, send to this email: RanSupp2tuta.io
Your ungiue ID:
1934B8EF6B10C22AE605975046381692"
"133.155.162.185",3389,"tcp","Remote Desktop Protocol","Windows 11 (build 10.0.26100)","Japan","JP","Osaka",135.50107,34.69379,"Hello my dear friend (Do not scan the files with antivirus in any case. In case of data loss, the
consequences are yours)
Your data is encrypted by ELPACO-team
Your decryption ID is Iv6jkTBR57fhZ9GsPkSylRIpQzOPFApwS5KpRecfavk4ELPACO-team-
IvbjkT8R57fhZ9GsPkSyIRIpQzOPFApw5KpRecfavk4
Unfortunately for you, a major IT security weakness left you open to attack, your files have
been encrypted
The only method of recovering files is to purchase decrypt tool and unique key for you.
If you want to recover your files, write us
1) eMail - elcappuccinotuta.io
2) Telegram - Stop 24
Attention!
Do not rename encrypted files.
Do not try to decrypt your data using third party software - it may cause permanent data loss.
We are always ready to cooperate and find the best way to solve your problem.
The faster you write - the more favorable conditions will be for you.
Our company values its reputation. We give all guarantees of your files decryption."
"80.242.208.91",3389,"tcp","Remote Desktop Protocol","Windows Server 2008 Standard","Kazakhstan","KZ","Almaty",76.91667,43.25,"Does the morning starts with coffee
All your files are encrypted ele Cp ua cord tt kad
Windows Server2008
Standard"
"1.234.187.225",3389,"tcp","Remote Desktop Protocol","Windows 7 Ultimate K","Korea, Republic of","KR","Seoul",126.9784,37.566,"Your computer is encrypted
We encrypted and stolen all of your files.
Open 4HowToRecover.txt and follow the instructions to recover your files.
Your ID: BB9107946363DE66FS96DACI60FE63D1
. Windows 7 ultimate"
"112.171.39.208",3389,"tcp","Remote Desktop Protocol","Windows 7 Ultimate K","Korea, Republic of","KR","Seoul",126.9784,37.566,"Your computer is encrypted
We encrypted and stolen all of your files.
Open HowToRecover.txt and follow the instructions to recover your files.
Your ID: D707BB4096F71C47EEDFSABSA9FE646D
. Windows 7 ultimate"
"156.38.56.118",3389,"tcp","Remote Desktop Protocol","Windows 11 (build 10.0.26100)","Libya","LY","Tripoli",13.18733,32.88743,"Your computer is encrypted
We encrypted and stolen all of your files.
Open README.txt and follow the instructions to recover your files.
Your ID: 6697A55EFB84569A187DD8707633D99B"
"93.115.28.121",3389,"tcp","Remote Desktop Protocol","Windows Server 2012 R2","Lithuania","LT","Šiauliai",23.31667,55.93333,"Encrypted by trust
Email us for recovery: cp0Opclproton.me
In case of no answer, send to this email: cp00pc2proton.me
Your unqiue ID:
AFCBCBE1DFO4A10FF5448DBODOB264DC
am Windows Server 2012R2"
"181.214.147.212",3389,"tcp","Remote Desktop Protocol","Windows (build 10.0.19041)","Lithuania","LT","Vilnius",25.2798,54.68916,"Your computer is encrypted
We encrypted and stolen all of your files.
Open README.txt and follow the instructions to recover your files.
Your ID: 409C674FBE3B08EB187DD8707633D99B"
"175.139.156.49",3389,"tcp","Remote Desktop Protocol","Windows (build 10.0.14393)","Malaysia","MY","Shah Alam",101.53281,3.08507,"Your computer is encrypted
We encrypted and stolen all of your files.
Open HowToRecover.txt and follow the instructions to recover your files.
Your ID: 4EB4E59231FAAD18EEDFSABSA9FE646D"
"200.56.252.74",3389,"tcp","Remote Desktop Protocol","Windows Server 2008 R2 Standard","Mexico","MX","Mexico City",-99.12766,19.42847,"Hello my dear friend (Do not scan the files with antivirus in any case. In case of data loss, the consequences are
yours)
Your data is encrypted by HALE
Your decryption ID is
77hTOFI5mbqQLmwzm0ZSvtspW1fYDtcyqnOnQ6YLTy8HALE-77hTOFISmbqQLmwzm0ZSvispW1fYDtcyqnOn
Unfortunately for you, a major IT security weakness left you open to attack, your files have been encrypted
The only method of recovering files is to purchase decrypt tool and unique key for you.
If you want to recover your files, write us
1) eMail - halepikdtuta.io
Pa TR Tee
Attention!
Do not rename encrypted files.
Do not try to decrypt your data using third party software - it may cause permanent data loss.
We are always ready to cooperate and find the best way to solve your problem.
The faster you write - the more favorable conditions will be for you.
Our company values its reputation. We give all guarantees of your files decryption.
pon.
4 Windows Server-2008rz
Standard"
"201.144.11.248",3389,"tcp","Remote Desktop Protocol","Windows Server 2012","Mexico","MX","Irapuato",-101.35628,20.67675,"NOT YOUR LANGUAGE USE https:fftranslate.qoogle.com
What happened to your files 7
All of your files were protected by a strong encryption with RSA4096
More information about the encryption keys using RSA4096 can be found here: http:7
en.wikipedia.orgfwikiRSA (cryptosystem)
How did this happen 2
11 Specially for your PC was generated personal RSA4096 Key , both public and private.
11 ALL YOUR FILES were encrypted with the public key, which has been transferred to your
computer via the Internet.
11 Decrypting of your files is only possible with the help of the private key and decrypt
program , which is on our Secret Server
What do I do
So, there are two ways you can choose: wait for a miracle and get your PRICE
DOUBLED! Or start obtaining BITCOIN NOW! , and restore YOUR  DATA easy way
If You have really valuable DATA, you better NOT  WASTE YOUR  TIME, because
there is NO other way to get your files, except make a PAYMENT
Your personal ID: SJkn2bZIlc8uZyQcSHtY 4xXwe6j6tiZy2 HESKGNWOnCVUJamidecryptionguy
If you want to recover your files, write us
Jami messenger (Fastest and anonymous)
nioSWed TAs Ts v4
Also you can find it on your phone at google playfapp store
Install it on your server,phone or tablet
Press sian up and do your own nickname
gt Windows Server 2012"
"177.240.31.182",3389,"tcp","Remote Desktop Protocol","Windows (build 10.0.10240)","Mexico","MX","Zapopan",-103.38479,20.72356,"aT
Your unique ID is:
iAWOTS5JKF6TjmnY7Ror1bMzF1yaYTTASiBTigu 3eBETELOCHKUNAVERANDEFEAR.PW
All your files are encrypted and to solve it need to pay
Before payment I can decrypt 1-2 small examples as proof to show you thats working
My mail is telochkunaverandefear.pw
Also I have a Jabber LIVE MESSENGER if you want to solve it all fast
How to install and use
https:pidgin.iminstall
Download and install it on your server
Open Pidgin
Press Add
Choose protocol - must be XMPP
In Username - choose your unique login
In domain put this - yax.im
Resource - Work
Password - Choose your own password
Check mark on remember password
Also check mark on CREATE THIS NEW ACCOUNT ON THE SERVER
After it will ask your credentials put them again
Press on Buddies buttom
Add a buddy, field with buddy username write - platishilidrochishyax.im
press add
Press Buddies - New instant message and put there this - platishilidrochishyax.im
Press ok and write me a message
Aceptar"
"187.145.93.9",3389,"tcp","Remote Desktop Protocol","Windows Server 2008 R2 Foundation","Mexico","MX","Santiago de Querétaro",-100.38806,20.58806,"All your files have been encrypted
write us to the e-mail monster666tuta.io
EA a Tr
Foundation"
"187.154.208.132",3389,"tcp","Remote Desktop Protocol","Windows Server 2008 R2 Foundation","Mexico","MX","Santiago de Querétaro",-100.38806,20.58806,"All your files have been encrypted
write us to the e-mail monster666tuta.io
EA a Tr
Foundation"
"201.116.147.139",3389,"tcp","Remote Desktop Protocol","Windows 11 (build 10.0.26100)","Mexico","MX","Monterrey",-100.31847,25.67507,"Hello my dear friend (Do not scan the files with antivirus in any case. In case of data loss, the
consequences are yours)
Your data is encrypted by ELENOR-corp
Your decryption ID is woGBC-LpiRGZHjJUSHI2W4YdS a8FQXUerEYQeLvxJgEELENOR-corp-
wbGBC-LpiRGZHjJUSHI2W4YdSa8FQXUerEYQeLvxJgE
Unfortunately for you, a major IT security weakness left you open to attack, your files have
been encrypted
The only method of recovering files is to purchase decrypt tool and unique key for you.
If you want to recover your files, write us
1) eMail - orlandotorestuta.io
2) Telegram - Stop24 or https:t.meStop 24
Attention!
Do not rename encrypted files.
Do not try to decrypt your data using third party software - it may cause permanent data loss.
We are always ready to cooperate and find the best way to solve your problem.
The faster you write - the more favorable conditions will be for you.
Our company values its reputation. We give all guarantees of your files decryption."
"194.87.132.206",3389,"tcp","Remote Desktop Protocol","Windows Server 2012 R2","Netherlands","NL","Amsterdam",4.8923,52.363,"Hello my dear friend (Do not scan the files with antivirus in any case. In case of data loss, the consequences are
yours)
Your data is encrypted
Your personal ID: ZpCWuowO-slIrSf3UwbQCbZXxtXc-b VKtPuwl6pPQwDemetro9990cock.li
Unfortunately for you, a major IT security weakness left you open to attack, your files have been encrypted
The only method of recovering files is to purchase decrypt tool and unique key for you.
Write to our mail - Demetro9990cock.li
In case of no answer in 24 hours write us to this backup e-mail: Symbatutanota.com
Check your e-mail Spam or Junk folder if you dont get answer more than 6 hours.
Contact us soon, because those who dont have their data leaked in our press release blog and the price they!ll
have to pay will go up significantly.
Attention!
Do not rename encrypted files.
Do not try to decrypt your data using third party software - it may cause permanent cata loss.
We are always ready to cooperate and find the best way to solve your problem.
The faster you write - the more favorable conditions will be for you.
Our company values its reputation. We give all guarantees of your files decryption.
What are your recommendations
- Never change the name of the files, if you want to manipulate the files, be sure to back them up. If there are
any problems with the files, we are not responsible for them.
- Never work with intermediary companies because they charge you more money.Dont be afraid of us, just
email us.
Sensitive data on your system was DOWNLOADED.
If you DONT WANT your sensitive data to be PUBLISHED you have to act quickly.
Data includes:
- Employees personal data, CVs, DL, SSN.
- Complete network map including credentials for local and remote services.
- Private financial information including: clients data, bills, budgets, annual reports, bank statements.
- Manufacturing documents including: datagrams, schemas, drawings in solidworks format
- And more...
gm Windows Server 2012 R2"
"107.189.18.39",3389,"tcp","Remote Desktop Protocol","Windows Server 2012 R2","Netherlands","NL","Zaandam",4.82643,52.43854,"Jacks Ransomware
All your files are stolen and encrypted
Find JacksonHelp.txt file
and follow instructions
am Windows Server 2012R2"
"213.227.149.25",3389,"tcp","Remote Desktop Protocol","Windows 11 (version 22H2) (build 10.0.22621)","Netherlands","NL","Lelystad",5.475,52.50833,"Hello my dear friend (Do not scan the files with antivirus in any case. In case of data loss, the
consequences are yours)
Your data is encrypted by KOZANOSTRA
Your decryption ID is ur6Zyl1SWahHEwtu2S4eVvZ kQZ5L8-Zv4ovgl9UkOis KOZANOSTRA-
ur6Zy1SWahHEwtu2S4eVvZ kQZ5L8-Zv4ovgl9UkOis
Unfortunately for you, a major IT security weakness left you open to attack, your files have
been encrypted
The only method of recovering files is to purchase decrypt tool and unique key for you.
If you want to recover your files, write us
1) eMail - henkellstuta.io
2) Telegram - WinsentO or https:t.meWinsent0
Attention!
Do not rename encrypted files.
Do not try to decrypt your data using third party software - it may cause permanent data loss.
We are always ready to cooperate and find the best way to solve your problem.
The faster you write - the more favorable conditions will be for you.
Our company values its reputation. We give all guarantees of your files decryption."
"201.218.234.200",3389,"tcp","Remote Desktop Protocol","Windows Server 2008 R2 Standard","Panama","PA","Arco Iris",-79.89245,9.33818,"Redeemer Ransomware - Your Data Is Encrypted
fui 8 ii)
888 Y88b ii)
FL ii)
888 d88P .d88b. .d88888 .d88b. .d88b. 88888b.d88b. .d88b. 8884888
8888888P d8P Y8b d88 888 dP Y8b d8P YS8b 888 Oe aM Cc ccc
888 T88b 88888868 888 888 88888888 88888688 888 888 888 88888888 888
888 T88b Y8b. Y88b888 Y8b. YS8b. 888 888 888 Y8b. 888
888 T88b v8888 cM Cc Y8888 888 888 888 Y8888 888
Made by Cerebrate
Visit the official Redeemer Ransomware Tor website -
redeemergdbgjtzgiuf5jgpkkbi3xybkhsldzjoyjaxivyzinhvmzcad.onion
(Question 1 What happened to my computer
I cannot access my files and they have changed their extension
(Answer 1) Your files have been encrypted by Redeemer, a Darknet ransomware operation.
(Question 2) Is there any way to recover my files
(Answer 2 Yes, you can recover your files. This will however cost you money in Monero (XMR).
pon.
4 Windows Server-2008rz
Standard"
"190.119.63.133",3389,"tcp","Remote Desktop Protocol","Windows (build 10.0.17763)","Peru","PE","Lima",-77.02824,-12.04318,"All files have been encrypted due to security problems on your computer.
If you want to recover them, please visit our website:
https:Jclient.pay2key.com2user id4Xvd8GSCEOPP-
qr5sidD6pLQXirv1TpLOY9WLyJaqlorfykhb
Before payment you will be able to send up to 3 test files for free decryption.
After payment, the system will automatically issue a tool to fully recover all your files.
Your unique ID: 4Xvd8GSCEOPP-qr5sidD6pLQXirv1TpLOYI9WLyJaglofykhb
LR EJ
If first address cannot be opened, visit our main site on the I2P network (similar to
TOR):
http:(pay2keys 7rgdzrhgzxyd7egpxc2pusdrkofmafnweclts2mjsrva.b32.i2p
userid4Xvd8GSCEOPP-qrSsidD6pLQXirv1TpLOYSWLyJaqlofykhb
Special browser for accessing I2P sites: https:7github.comPurplel2Pi2pdbrowser;
(SEINE EIS"
"178.213.63.251",3389,"tcp","Remote Desktop Protocol","Windows 7 Professional","Poland","PL","Biała Podlaska",23.11652,52.03238,"Hello my dear friend (Do not scan the files with antivirus in any case. In case of data loss, the consequences are
yours)
Your data is encrypted by ENKACRYPT
Your decryption ID is
enJNO1Ad089 pDexU1Lh6ytGFcBD8deSdOgetralvqSEwenkacrypt-enJNOLAdD89pDexULh6ytGFcBD8deSdOgetrah
Unfortunately for you, a major IT security weakness left you open to attack, your files have been encrypted
The only method of recovering files is to purchase decrypt tool and unique key for you.
If you want to recover your files, write us
1) eMail - enkacryptonionmail.org
2) eMail - enkacryptproton.me
Nall
Do not rename encrypted files.
Do not try to decrypt your data using third party software - it may cause permanent data loss.
We are always ready to cooperate and find the best way to solve your problem.
The faster you write - the more favorable conditions will be for you.
Our company values its reputation. We give all guarantees of your files decryption.
3. Windows 7 Professional"
"31.59.137.184",3389,"tcp","Remote Desktop Protocol","Windows Server 2022 (build 10.0.20348)","Poland","PL","Dźwirzyno",15.41116,54.15927,"Your computer is encrypted
We encrypted and stolen all of your files.
Open README.txt and follow the instructions to recover your files.
Your ID: 18DFAEF120C5BCEF187DD8707633D99B"
"195.150.236.31",3389,"tcp","Remote Desktop Protocol","Windows (build 10.0.17763)","Poland","PL","Kraków",19.93658,50.06143,"Hello my dear friend (Do not scan the files with antivirus in any case. In case of data
loss, the consequences are yours)
Your data is encrypted by ZIMMER1488
Your decryption ID is
FKhKbDDfhdocoiAd6H 1555C00Q6SkixIQmoSw7SHD2QZIMMER 1488-
FKhKbDDfhdocoiAd6H 1555C00Q6SkixIQmoSw7SHD2Q
Unfortunately for you, a major IT security weakness left you open to attack, your files
have been encrypted
The only method of recovering files is to purchase decrypt tool and unique key for
you.
If you want to recover your files, write us
1) eMail - zimmer1488proton.me
2) Backup Mail - pzimmer1488Qmailfence.com
3) Backup Mail2 - zimmer14882mail.co
Attention!
Do not rename encrypted files.
Do not try to decrypt your data using third party software - it may cause permanent
data loss.
We are always ready to cooperate and find the best way to solve your problem.
The faster you write - the more favorable conditions will be for you.
Our company values its reputation. We give all guarantees of your files decryption."
"31.14.41.28",3389,"tcp","Remote Desktop Protocol","Windows (build 10.0.17763)","Romania","RO","Bucharest",26.10626,44.43225,"Encrypted by trust
Email us for recovery: reopening2025gmail.com
In case of no answer, send to this email: reopening2025&gmail.com
Your ungiue ID:
F235DCSBC48BE2AEC6B59F6EBB230948"
"5.100.244.58",3389,"tcp","Remote Desktop Protocol","Windows 7 Ultimate","Russian Federation","RU","Moscow",37.61556,55.75222,"Your computer is encrypted
We encrypted and stolen all of your files.
Open HowToRecover.txt and follow the instructions to recover your files.
Your ID: 6BE7E1A011164C9635F23CACB380621A
CAT le lo) WA Ere Es"
"178.216.100.237",3389,"tcp","Remote Desktop Protocol","Windows (build 10.0.17763)","Russian Federation","RU","Khimki",37.42848,55.9001,"NOT YOUR LANGUAGE USE https:fJtranslate.google.com
What happened to your files 2
All of your files were protected by a strong encryption with RSA4096
More information about the encryption keys using RSA4096 can be found here:
http:(fen.wikipedia.orgwikiRSA (cryptosystem)
How did this happen 2
II Specially for your PC was generated personal RSA4096 Key , both public and
private.
If ALL YOUR FILES were encrypted with the public key, which has been transferred
to your computer via the Internet.
II Decrypting of your files is only possible with the help of the private key and
decrypt program , which is on our Secret Server
Whatdo ldo 2
So, there are two ways you can choose: wait for a miracle and get your PRICE
DOUBLED! Or start obtaining BITCOIN NOW! , and restore -YOUR DATA easy way
If You have really valuable DATA, you better NOT. WASTE YOUR. TIME.,
because there is NO other way to get your files, except make a PAYMENT
Your personal ID:
RcwpomGs9aaE 1R4kca8X3JtauSyoYsslq678erE 1Lyk Jamidecryptionguy
If you want to recover your files, write us
1)Jami messenger (Fastest and anonymous)
https:(jami.net
Also you can find it on your phone at google playapp store
Install it on your server,phone or tablet"
"85.143.113.135",3389,"tcp","Remote Desktop Protocol","Windows (build 10.0.17763)","Russian Federation","RU","Moscow",37.61556,55.75222,"Hello my dear friend (Do not scan the files with antivirus in any case. In case of data
loss, the consequences are yours)
Your data is encrypted by ENKACRYPT
Your decryption ID is
3hbARbCKtAnpAbgERsk34D87mnegpBIBI51jjKeRX8enkacrypt-3hbARbCKtAnpAbg
ERsk34D87mnegpBIBI51jjKeRX8
Unfortunately for you, a major IT security weakness left you open to attack, your files
have been encrypted
The only method of recovering files is to purchase decrypt tool and unique key for
you.
If you want to recover your files, write us
1) eMail - enkacryptGonionmail.org
2) eMail - enkacryptproton.me
Attention!
Do not rename encrypted files.
Do not try to decrypt your data using third party software - it may cause permanent
data loss.
We are always ready to cooperate and find the best way to solve your problem.
The faster you write - the more favorable conditions will be for you.
Our company values its reputation. We give all guarantees of your files decryption."
"77.244.76.197",3389,"tcp","Remote Desktop Protocol","Windows Server 2008 R2 Enterprise","Russian Federation","RU","Kaluga",36.27542,54.5293,"a Ree 3
We have penetrated your whole network due some critical security issues. We have encrypted all files on each
host in the network , We have also Took your critical data AND in case of NO corporation until the end of the
deadline we WILL leak or sell your data, the only way to stop this process is successful corporation.
(support911 onionmail.com) AND :(filesupponionmail.com)
BAW ees ep rece
Enterprise"
"82.208.123.139",3389,"tcp","Remote Desktop Protocol","Windows Server 2012 R2","Russian Federation","RU","Nizhniy Novgorod",44.00205,56.32867,"Hello my dear friend (Do not scan the files with antivirus in any case. In case of data loss, the consequences are
yours)
Your data is encrypted
Your personal ID: i7PATn67p2MKfMyD y3NSQQNd3d9tau-bOIQJzjfixYDemetro9990cock.li
Unfortunately for you, a major IT security weakness left you open to attack, your files have been encrypted
The only method of recovering files is to purchase decrypt tool and unique key for you.
Write to our mail - Demetro9990cock.li
In case of no answer in 24 hours write us to this backup e-mail: Symbatutanota.com
Check your e-mail Spam or Junk folder if you dont get answer more than 6 hours.
Contact us soon, because those who dont have their data leaked in our press release blog and the price they!ll
have to pay will go up significantly.
Attention!
Do not rename encrypted files.
Do not try to decrypt your data using third party software - it may cause permanent cata loss.
We are always ready to cooperate and find the best way to solve your problem.
The faster you write - the more favorable conditions will be for you.
Our company values its reputation. We give all guarantees of your files decryption.
What are your recommendations
- Never change the name of the files, if you want to manipulate the files, be sure to back them up. If there are
any problems with the files, we are not responsible for them.
- Never work with intermediary companies because they charge you more money.Dont be afraid of us, just
email us.
Sensitive data on your system was DOWNLOADED.
If you DONT WANT your sensitive data to be PUBLISHED you have to act quickly.
Data includes:
- Employees personal data, CVs, DL, SSN.
- Complete network map including credentials for local and remote services.
- Private financial information including: clients data, bills, budgets, annual reports, bank statements.
- Manufacturing documents including: datagrams, schemas, drawings in solidworks format
- And more...
gm Windows Server 2012 R2"
"195.161.24.69",3389,"tcp","Remote Desktop Protocol","Windows (build 10.0.19041)","Russian Federation","RU","Moscow",37.61556,55.75222,"Hello my dear friend (Do not scan the files with antivirus in any case. In case of data
loss, the consequences are yours)
Your data is encrypted
Your personal ID:
dwUNour4VgHSHb8h2Wiagh9ufa yWleHp1RoWoMq7Q4zimmer1488-
dwUNour4VgHSHb8h2Wiagh9ufayWleHp1RoWoMq7Q4
Unfortunately for you, a major IT security weakness left you open to attack, your files
have been encrypted
The only method of recovering files is to purchase decrypt tool and unique key for
you.
If you want to recover your files, write us to this e-mail:
pzimmer1488Qmailfence.com
In case of no answer in 24 hours write us to this backup e-mail:
zimmer1488proton.me, zimmer1488onionmail.org
Check your e-mail Spam or Junk folder if you dont get answer more than 6
hours.
Contact us soon, because those who dont have their data leaked in our press
release blog and the price theyll have to pay will go up significantly.
Attention!
Do not rename encrypted files.
Do not try to decrypt your data using third party software - it may cause permanent
data loss.
We are always ready to cooperate and find the best way to solve your problem.
The faster you write - the more favorable conditions will be for you.
Our company values its reputation. We give all guarantees of your files decryption.
What are your recommendations
- Never change the name of the files, if you want to manipulate the files, be sure to
back them up. If there are any problems with the files, we are not responsible for"
"217.78.225.61",3389,"tcp","Remote Desktop Protocol","Windows (build 10.0.16299)","Russian Federation","RU","Novorossiysk",37.76176,44.73188,"Hi!
Your unique ID is:
dcQ30Ea3dOdbw4JUWi02Nww6Yqv2FGd 1SBxOMF7e3Iplatishilidrochishfear.pw
All your files are encrypted and to solve it need to pay
Before payment I can decrypt 1-2 small examples as proof to show you thats
working
My mail is platishilidrochishfear.pw
Also I have a Jabber LIVE MESSENGER if you want to solve it all fast
How to install and use
https:(pidgin.iminstall
Download and install it on your server
Open Pidgin
Press Add
Choose protocol - must be XMPP
In Username - choose your unique login
In domain put this - yax.im
Resource - Work
Password - Choose your own password
Check mark on remember password
Also check mark on CREATE THIS NEW ACCOUNT ON THE SERVER
After it will ask your credentials put them again
Press on Buddies buttom
Add a buddy, field with buddy username write - platishilidrochishyax.im
press add
Press Buddies - New instant message and put there this - platishilidrochishyax.im
Press ok and write me a message"
"78.139.85.124",3389,"tcp","Remote Desktop Protocol","Windows 7 Ultimate","Russian Federation","RU","Kamensk-Ural’skiy",61.93347,56.40626,"Hello my dear friend (Do not scan the files with antivirus in any case. In case of data loss, the consequences
are yours)
Your data is encrypted
Your personal ID: dXlqbpN4w2jUKPC2pSxaClrewFaCE7HySEnJ35jv5CsDemetro9990cock.li
Unfortunately for you, a major IT security weakness left you open to attack, your files have been encrypted
The only method of recovering files is to purchase decrypt tool and unique key for you.
Write to our mail - Demetro9990cock.li
In case of no answer in 24 hours write us to this backup e-mail: Symbatutanota.com
Check your e-mail Spam or Junk folder if you dont get answer more than 6 hours.
Contact us soon, because those who dont have their data leaked in our press release blog and the price
theyll have to pay will go up significantly. N
evacuate ley
Do not rename encrypted files.
Do not try to decrypt your data using third party software - it may cause permanent data loss.
We are always ready to cooperate and find the best way to solve your problem.
The faster you write - the more favorable conditions will be for you.
Our company values its reputation. We give all guarantees of your files decryption.
CAT le lo) WA Ere Es"
"62.76.25.149",3389,"tcp","Remote Desktop Protocol","Windows (build 10.0.14393)","Russian Federation","RU","Moscow",37.61556,55.75222,"Your computer is encrypted
We encrypted and stolen all of your files.
Open HowToRecover.txt and follow the instructions to recover your files.
Your ID: 820CAAE1365DA95BEEDFSABSA9FE646D"
"128.0.141.217",3389,"tcp","Remote Desktop Protocol","Windows (build 10.0.19041)","Russian Federation","RU","Moscow",37.61556,55.75222,"Hello my dear friend (Do not scan the files with antivirus in any case. In case of data
loss, the consequences are yours)
Your data is encrypted by ELPACO-team
Your decryption ID is zU-FxGGCrizZmnWm6ha75fCqVbDOdcY-gxSGIQ67k0ELPACO-
team-zU-FxGGCrizZmnWm6ha75fCqVbDOdcY-gxSGIQ67k0
Unfortunately for you, a major IT security weakness left you open to attack, your files
have been encrypted
The only method of recovering files is to purchase decrypt tool and unique key for
you.
If you want to recover your files, write us
1) eMail - elcappuccinotuta.io
2) Telegram - Stop 24
Attention!
Do not rename encrypted files.
Do not try to decrypt your data using third party software - it may cause permanent
data loss.
We are always ready to cooperate and find the best way to solve your problem.
The faster you write - the more favorable conditions will be for you.
Our company values its reputation. We give all guarantees of your files decryption."
"87.248.229.2",3389,"tcp","Remote Desktop Protocol","Windows 7 Ultimate","Russian Federation","RU","Saint Petersburg",30.31413,59.93863,"NOT YOUR LANGUAGE USE https:fftranslate.google.com
Mor iaely scum cel ail cars
All of your files were protected by a strong encryption with RSA4096
More information about the encryption keys using RSA4096 can be found here:
http:en.wikipedia.orgwikiRSA(cryptosystern)
How did this happen 2
!!! Specially for your PC was generated personal RSA4096 Key, both public and private.
!!! ALL YOUR FILES were encrypted with the public key, which has been transferred to your computer via the
Internet.
!!! Decrypting of your files is only possible with the help Rthe private key and decrypt program , which is
on our Secret Server
What doldo 2
So, there are two ways you can choose: wait for a miracle and get your PRICE DOUBLED! Or start
obtaining BITCOIN NOW!, and restore YOUR DATA easy way
If You have really valuable DATA, you better NOT WASTE  YOUR. TIME, because there is NO other
way to get your files, except make a PAYMENT
CAT le lo) WA Ere Es"
"185.220.35.101",3389,"tcp","Remote Desktop Protocol","Windows Server 2012 R2","Russian Federation","RU","Moscow",37.61556,55.75222,"Important Notice!
T3315 IA IF IRI IF IF IF IF IF IF IF IE IF IF IFS IA IF IF IE
44794719 F456 79474734719 F447 74734 7137474 IF IF IF IF 1533315 aA
put an El a Er Sur Sul van Er SEY Sul Paul SpE a El aa El aE al sal san EY Sul Gur Sur Sp Er Sn EF SEF SaE Salvin)
4479474734794 794 734719 F674 794 794794794719 79h 794794794 719 F794 Fh 7b 79474
oe)
Sane ame ELAN Cane Lane Sm Sane ame INCLINE
BORCROD AHH CHRO TT RAR
Bee mE REC Une ane aC an SIRE UE. RCCL ane Sm ne Cane Cana em em oa
FAAP FIZFIZAIZAI AD VHA VAG THRO OH AID 7b F334 AHH
4 7F9F FTA 710794 7349794794794 719 F946 Fh 74676 7947941 7477747447474 TWH
3475479471479 794 FIP FFF IF IFA IIE IF IE IR IF OD 9 FFF
ies!) Nes) cen) See ey Sey Soe tl ee) ll te oe ol) Wey ey oo Ne) tl IA
Er aur aera Er eu Er ea hPa El Meal) ea Er a Er a Er au Er a Er au Er au Er aul a Er au Er ea Il aa Er au Er au Er oak renhl aukr
59794779 FIV F313 F713 F9F 734 FD 79 Fb 7 734 IR 1h 3A IAAI IFIP IE
BE Er a Ne Er a I Ia Er a Er aa Er a Er a Ia Er any Sail VE 5 FF TY 54 747TH
ies!) Nes) cen) See ey Sey Soe tl ee) ll te oe ol) Wey ey oo Ne) tl IA
34 FIF FIP FIRED Fh 7 a Er eum Sali aa 1 F399 74 7 739 F349 FTI 774 F355
5F 747A 755 79 79 794 IF IF IP D799 79 79 799 794 F146 75 76 7956 74 FF FATT
4b794 79471679474 7147410794 7947394714 7474 W349 794 F494 HF AID TI 44 rt
5F TIFF IF FIP D759 TF 79 FF F999 9 Pint sant sant al aa El a Er Sa Er aul Fan 79 TF
4479474734794 794 734719 994794 716 IA IA IF IF IRIE AIA VED Ah V4
FIbV9AIZ9AT 9 IV 912912412412 41241944946 99b6 7967969191291 4446796796911 4Y 744
BF 00 Sn yf A ES DS AV Se So te SD ee
pT aes es Ras os en Ss ES en Ts Domi) eT eS rca nm oe) TT
Your files have been successfully encrypted!
We have gained unauthorized access to your data and have employed a sophisticated encryption algorithm to
secure it. In order to restore access to your important files, you are required to complete the following steps:
gm Windows Server 2012 R2"
"78.36.199.152",3389,"tcp","Remote Desktop Protocol","Windows (build 10.0.19041)","Russian Federation","RU","Kaliningrad",20.51095,54.70649,"Rosti Ransomware
All your files are stolen and encrypted
Find Rosti Help.txt file
and follow instructions"
"92.50.171.216",3389,"tcp","Remote Desktop Protocol","Windows (build 10.0.14393)","Russian Federation","RU","Ufa",55.96779,54.74306,"Your computer is encrypted
We encrypted and stolen all of your files.
Open README.txt and follow the instructions to recover your files.
Your ID: DEECB14D1594999D187DD8707633D99B"
"93.123.130.7",3389,"tcp","Remote Desktop Protocol","Windows Server 2008 R2 Standard","Russian Federation","RU","Shchyolkovo",37.97218,55.92497,"Hello my dear friend (Do not scan the files with antivirus in any case. In case of data loss, the consequences are
yours)
Your data is encrypted
Your decryption ID is fRIs7a3A3psCDVFX79X4C447 pGnmIUifL8XIxSfhnkELPACO-team
Unfortunately for you, a major IT security weakness left you open to attack, your files have been encrypted
The only method of recovering files is to purchase decrypt tool and unique key for you.
If you want to recover your files, write us
1) eMail - derickbtctuta.io
2) Telegram - DataSupport911 or https:t.mefDataSupport911
Attention!
Do not rename encrypted files.
Do not try to decrypt your data using third party software - it may cause permanent data loss.
We are always ready to cooperate and find the best way to solve your problem.
The faster you write - the more favorable conditions will be for you.
Our company values its reputation. We give all guarantees of your files decryption.
om.
4 Windows Server-2008rz
Standard"
"195.135.236.19",3389,"tcp","Remote Desktop Protocol","Windows (build 10.0.14393)","Russian Federation","RU","Moscow",37.61556,55.75222,"Hello my dear friend (Do not scan the files with antivirus in any case. In case of data loss,
the consequences are yours)
Your data is encrypted
Your decryption ID is
imTti0f2xgzN2NDE8ulk5Sn7fKGByqdaTmNDQIGDJ1moSOPHOSANTIVIRUS
Unfortunately for you, a major IT security weakness left you open to attack, your files
have been encrypted
The only method of recovering files is to purchase decrypt tool and unique key for you.
If you want to recover your files, write us
1) TOX messenger (fast and anonymous)
https:(tox.chatdownload.html
Install qtox
Press sign up
Create your own name
Press plus
Put there our tox ID:
E9164A9824 10EFAEBC451C1D5629A2CBB7SDBB6BCDBD6D2BA94F4D0A7B0B616F9114
96E469FB
And add mewrite message
2)ICQ - SOPHOSANTIVIRUS
3)SKYPE - SOPHOSANTIVIRUS DECRYPTION
Contact us soon, because those who dont have their data leaked in our press release
blog and the price theyll have to pay will go up significantly.
Attention!
Do not rename encrypted files.
Do not try to decrypt your data using third party software - it may cause permanent
data loss.
We are always ready to cooperate and find the best way to solve your problem.
The faster you write - the more favorable conditions will be for you.
Ne ne me ee ee ee ee be cain be ee BAF ele al) ee ee ete ee MeL eee ee Ld do cm tie"
"42.61.104.100",3389,"tcp","Remote Desktop Protocol","Windows (build 10.0.14393)","Singapore","SG","Singapore",103.85007,1.28967,"Encrypted by Loki locker
All your files have been encrypted due to a security problem with your computer
If you want to restore them, write us to the e-mail: adminservermail.ee
Write this ID in the title of your message: 3E41FA1C
In case of no answer in 24 hours write us to this e-mail: arthordectutamail.com"
"102.38.50.66",3389,"tcp","Remote Desktop Protocol","Windows (build 10.0.19041)","Somalia","SO","Mogadishu",45.34375,2.03711,"Hello my dear friend (Do not scan the files with antivirus in any case. In case of data
loss, the consequences are yours)
Your data is encrypted by ELENOR-corp
Your decryption ID is tKuvaROOTc-phm8 8IkTMHWarKXYAxizyihktkOG4yAELENOR-
corp-tKuvaROOTc-phm8 8IkTMHWoarkKXYAxizylhktkOG4yA
Unfortunately for you, a major IT security weakness left you open to attack, your files
have been encrypted
The only method of recovering files is to purchase decrypt tool and unique key for
you.
If you want to recover your files, write us
1) eMail - orlandotorestuta.io
2) Telegram - Stop.24 or https:tmeStop 24
Attention!
Do not rename encrypted files.
Do not try to decrypt your data using third party software - it may cause permanent
data loss.
We are always ready to cooperate and find the best way to solve your problem.
The faster you write - the more favorable conditions will be for you.
Our company values its reputation. We give all guarantees of your files decryption."
"79.117.22.158",3389,"tcp","Remote Desktop Protocol","Windows (build 10.0.14393)","Spain","ES","Madrid",-3.70256,40.4165,"Your computer is encrypted
We encrypted and stolen all of your files.
Open HowToRecover.txt and follow the instructions to recover your files.
Your ID: 9DBB9C614E8DSC65EEDFSABSA9SFE646D"
"79.116.83.222",3389,"tcp","Remote Desktop Protocol","Windows (build 10.0.14393)","Spain","ES","Madrid",-3.7026,40.4165,"Your computer is encrypted
We encrypted and stolen all of your files.
Open HowToRecover.txt and follow the instructions to recover your files.
Your ID: 9DBB9C614E8DSC65EEDFSABSA9SFE646D"
"200.234.236.102",3389,"tcp","Remote Desktop Protocol","Windows 11 (build 10.0.26100)","Spain","ES","Barcelona",2.15899,41.38879,"Hi, my dear friend (Do not under any circumstances check the files with antivirus. In case of
data loss, the consequences will be yours)
Your data is encrypted.
Your personal ID: 1jds8VrjaOXms8vFOPHJjroLwQqtllhMvCi4YKUCi0Qudddqp970sk
The only way to recover your files is to purchase a decryption tool and a unique key for you.
If you want to recover your files, email us at this email: hubbabubbaonionmail.com
Check your spam or junk mail folder if you dont receive a response for more than 6 hours.
Contact us as soon as possible, because those who fail to recover their data in time will end up
on our press release blog and the price they have to pay will increase significantly."
"140.112.92.32",3389,"tcp","Remote Desktop Protocol","Windows (build 10.0.19041)","Taiwan","TW","Taipei",121.52639,25.05306,"Encrypted by trust
Email us for recovery: support2022Qcockli
In case of no answer, send to this email: support2022cock.li
Your unqiue ID:
077935EE8B404FFCC744AE4BABEDBB73"
"89.207.12.126",3389,"tcp","Remote Desktop Protocol","Windows (build 10.0.14393)","Turkey","TR","Istanbul",28.94966,41.01384,"gl
Your unique ID is: SQmA8VmFMZYUdbPIFXftrA-FZb31L-
IePeYtywjSsTELOCHKUNAVERANDEFEAR.PW
All your files are encrypted and to solve it need to pay
Before payment I can decrypt 1-2 small examples as proof to show you thats working
My mail is telochkunaverandefear.pw
Also I have a Jabber LIVE MESSENGER if you want to solve it all fast
How to install and use
https:(pidgin.iminstall
Download and install it on your server
Open Pidgin
Press Add
Choose protocol - must be XMPP
In Username - choose your unique login
In domain put this - yax.im
Resource - Work
Password - Choose your own password
Check mark on remember password
Also check mark on CREATE THIS NEW ACCOUNT ON THE SERVER
After it will ask your credentials put them again
Press on Buddies buttom
Add a buddy, field with buddy username write - platishilidrochishyax.im
press add
Press Buddies - New instant message and put there this - platishilidrochishyax.im
Press ok and write me a message"
"188.132.178.192",3389,"tcp","Remote Desktop Protocol","Windows Server 2022 (build 10.0.20348)","Turkey","TR","Istanbul",28.94966,41.01384,"Encrypted by trust
Email us for recovery: RanSuppcock.li
In case of no answer, send to this email: RanSupp2tuta.io
Your ungiue ID:
A2D227586A0081BAE605975046381692"
"2.57.212.116",3389,"tcp","Remote Desktop Protocol","Windows Server 2022 (build 10.0.20348)","Turkey","TR","Istanbul",28.94966,41.01384,"Encrypted by trust
Email us for recovery: RanSuppcock.li
In case of no answer, send to this email: RanSupp2tuta.io
Your ungiue ID:
ECB240FD8F9C2427E605975046381692"
"88.247.190.222",3389,"tcp","Remote Desktop Protocol","Windows 7 Ultimate","Turkey","TR","Istanbul",28.94966,41.01384,"Hello my dear friend
Your data is encrypted
Unfortunately for you, a major IT security weakness left you open to attack, your files have been encrypted
The only method of recovering files is to purchase decrypt tool and unique key for you.
If you want to recover your files, write us this way:
1) TOX messenger (fast and anonymous)
https:tox.chatdownload.html
Install qtox
Press sign up
Create your own name h
Press plus
Put there our tox ID:
E9164A982410EFAEBC451C1D5629A2CBB75DBB6BCDBD6D2BA94FADOA7BOB616F911496E469FB
And add mewrite message
2)ICQ - NEEDTOPAYT OMYHORSE
3)SKYPE - NEEDTOPAYTOMYHORSE DECRYPTION
Contact us soon, because those who dont have their data leaked in our press release blog and the price 2
Tamam
. Windows 7 ultimate"
"83.150.215.228",3389,"tcp","Remote Desktop Protocol","Windows Server 2012 R2","Turkey","TR","Istanbul",28.94966,41.01384,"Email : freeworld7001gmail.com
Encryption Number : mpmBoxXyDFkklykTm8f6WFRfyd8LUmCpxfiq2cOfZ2n4encryptedfiles
We Encrypted Your System. Pay If You Want Your Information. Send Me Your ID Address After Contacting Us
gm Windows Server 2012 R2"
"62.216.46.148",3389,"tcp","Remote Desktop Protocol","Windows (build 10.0.14393)","Ukraine","UA","Kyiv",30.5238,50.45466,"gl
Have a troubles2
Your personal ID: icCR6wEMBbIIIDNeVWYngoSF-1DsEJ7KBv-
oykIZINWcELONMUSKISGREEDY-icRowEMBDIIIDNeVWYngoSF-1DsEJ7KBv-oyklZJINWc
We will solve your problem but you need to pay to get your files back
I will show you all possible proofs before payment
Attention!
Do not rename encrypted files.
Do not try to decrypt your data using third party software - it may cause permanent
data loss.
We are always ready to cooperate and find the best way to solve your problem.
If you write in 24h you will have a good discount
Write us
1)Session Private Messenger
You can download it to chat with us
On your server,pc or laptop - getsession.orgdownload
Install it and press PLUS
Write new message
Put there my SESSION ID
0568a6df0e0cecd44aee201a1c3c871be786013afa00bae1ed00b704d98d2a9215
Also you can install this messenger on your phone
SESSION at GOOGLE PLAYAPPSTORE
Install it and add me
0568a6df0e0cecd44aee201a1c3c871be786013afa00bae1ed00b704d98d2a9215
2) TOX messenger (fast and anonymous)
https:tox.chatdownload.html
Install qtox
Press sign up
Create your own name
Press plus
Put there our tox ID:
(aL NaF WN Walola RR Fala of Nal ee ee ee ee ee ey loin faint latal oa aYaloVal ala RN WoW loll oVo WF By laVal Toll Fad of at IBY J"
"176.114.11.126",3389,"tcp","Remote Desktop Protocol","Windows (build 10.0.14393)","Ukraine","UA","Kyiv",30.5238,50.45466,"gl
Have a troubles2
Your personal ID: IGInnt083tK)IWgLFHebGZeyscGT3Wv-
xBIOC53LQUELONMUSKISGREEDY-IGInnt083tKjIWgLFHebGZeyscGT3Wv-
xBIOC53LQU
We will solve your problem but you need to pay to get your files back
I will show you all possible proofs before payment
Attention!
Do not rename encrypted files.
Do not try to decrypt your data using third party software - it may cause permanent
data loss.
We are always ready to cooperate and find the best way to solve your problem.
If you write in 24h you will have a good discount
Write us
1)Session Private Messenger
You can download it to chat with us
On your server,pc or laptop - getsession.orgdownload
Install it and press PLUS
Write new message
Put there my SESSION ID
0568a6df0e0cecd44aee201a1c3c871be786013afa00bae1ed00b704d98d2a9215
Also you can install this messenger on your phone
SESSION at GOOGLE PLAYAPPSTORE
Install it and add me
0568a6df0e0cecd44aee201a1c3c871be786013afa00bae1ed00b704d98d2a9215
2) TOX messenger (fast and anonymous)
https:tox.chatdownload.html
Install qtox
Press sign up
Create your own name
Press plus
Lp a LI LEE LL Lat"
"94.200.51.122",3389,"tcp","Remote Desktop Protocol","Windows 11 (build 10.0.26100)","United Arab Emirates","AE","Dubai",55.30927,25.07725,"Your computer is encrypted
We encrypted and stolen all of your files.
Open HowToRecover.txt and follow the instructions to recover your files.
Your ID: 0A11D6AOADAS54A1882F8BA93C25337F"
"149.102.149.138",3389,"tcp","Remote Desktop Protocol","Windows Server 2022 (build 10.0.20348)","United Kingdom","GB","Portsmouth",-1.09125,50.79899,"Hello my dear friend (Do not scan the files with antivirus in any case. In case of data
loss, the consequences are yours)
Your data is encrypted
Your personal ID:
xbYTWnPzyUPV3DvLOq4zr2zIfsowmWhyD26NYcTMAKZIMMER 1488-
xbYTWnPzyUPV3DvLOq4zr2zIfsowmWhyD26NYcTMAK
Unfortunately for you, a major IT security weakness left you open to attack, your files
have been encrypted
The only method of recovering files is to purchase decrypt tool and unique key for
you.
If you want to recover your files, write us to this e-mail:
pzimmer1488Qmailfence.com
In case of no answer in 24 hours write us to this backup e-mail:
zimmer1488proton.me, zimmer1488onionmail.org
Check your e-mail Spam or Junk folder if you dont get answer more than 6
rere
Contact us soon, because those who dont have their data leaked in our press
release blog and the price theyll have to pay will go up significantly.
Attention!
Do not rename encrypted files.
Do not try to decrypt your data using third party software - it may cause permanent
data loss.
We are always ready to cooperate and find the best way to solve your problem.
The faster you write - the more favorable conditions will be for you.
Our company values its reputation. We give all guarantees of your files decryption.
What are your recommendations
- Never change the name of the files, if you want to manipulate the files, be sure to
back them up. If there are any problems with the files, we are not responsible for"
"104.194.147.123",3389,"tcp","Remote Desktop Protocol","Windows Server 2022 (build 10.0.20348)","United Kingdom","GB","London",-0.0912,51.5115,"Frank Ransomware
All your files are stolen and encrypted
Find FrankHelp.txt file
and follow instructions"
"38.240.47.70",3389,"tcp","Remote Desktop Protocol","Windows (build 10.0.17763)","United States","US","Chicago",-87.6578,41.8721,"Hi, my dear friend (Do not under any circumstances check the files with antivirus. In
case of data loss, the consequences will be yours)
Your data is encrypted.
Your personal ID: tvzn-V29g2pexI36eobckGnQIx9YIpD60264Jja70xAudddqp970sk
The only way to recover your files is to purchase a decryption tool and a unique key
for you.
If you want to recover your files, email us at this email: hubbabubbaonionmail.com
Check your spam or junk mail folder if you dont receive a response for more than 6
rere
Contact us as soon as possible, because those who fail to recover their data in time
will end up on our press release blog and the price they have to pay will increase
significantly."
"74.93.96.233",3389,"tcp","Remote Desktop Protocol","Windows (build 10.0.19041)","United States","US","SeaTac",-122.29217,47.44846,"Computer Use Agreement
All data stored on La Serena Holdings systems is the property of La Serena
Holdings. Users should be aware that the company cannot guarantee the
confidentiality of information stored on any La Serena Holdings system except
where required to do so by local laws.
La Serena Holdings systems exist to support and enable the business. A small
amount of personal use is, in most cases, allowed. However, it must not be in any
way detrimental to users own or their colleagues productivity and nor should it
result in any direct costs being borne by La Serena Holdings other than for trivial
amounts (e.g., an occasional short telephone call).
La Serena Holdings trusts employees to be fair and sensible when judging what
constitutes an acceptable level of personal use of the companys IT systems. If
employees are uncertain they should consult their manager.
Any information that is particularly sensitive or vulnerable must be encrypted and;or
securely stored so that unauthorized access is prevented (or at least made extremely
difficult). However, this must be done in a way that does not prevent-or risk
preventing-legitimate access by all properly-authorized parties.
La Serena Holdings can monitor the use of its IT systems and the data on it at any
time. This may include (except where precluded by local privacy laws) examination of
the content stored within the email and data files of any user, and examination of
the access history of any users.
La Serena Holdings reserves the right to regularly audit networks and systems to
ensure compliance with this policy. By continuing you accept these conditions."
"132.148.166.140",3389,"tcp","Remote Desktop Protocol","Windows (build 10.0.14393)","United States","US","Phoenix",-112.07404,33.44838,"ATTENTION!!! Read Before Login
Your system has been hacked !!! Your system files are encrypted and uploaded to our
servers. An attempt to recover files on your own will result in their complete loss. You
urgently need to notify the management of your company about the incident. Mail for
communication: spaceb.supportonionmail.org support.spacebmailum.com ONLY
WE have the recovery keys, before agreeing on the cost from the data recovery
companies, ask OUR price"
"45.31.46.41",3389,"tcp","Remote Desktop Protocol","Windows 7 Professional","United States","US","San Diego",-117.0947,32.7423,"Your computer is encrypted
We encrypted and stolen all of your files.
Open HowToRecover.txt and follow the instructions to recover your files.
Your ID: 3B1E62D5407378F3EEDFSABSA9FE646D
3. Windows 7 Professional"
"194.238.25.158",3389,"tcp","Remote Desktop Protocol","Windows (build 10.0.17763)","United States","US","St. Louis",-90.19789,38.62727,"Ronin Ransomware
All your files are stolen and encrypted
Find Ronin Help.txt file
and follow instructions"
"104.42.38.185",3389,"tcp","Remote Desktop Protocol","Windows Server 2008 R2 Datacenter","United States","US","San Jose",-121.89496,37.33939,"Hello my dear friend (Do not scan the files with antivirus in any case. In case of data loss, the consequences 29
are yours)
Your data is encrypted
Your personal ID: QdbgLJPa5zgvQJzAznH-44vILGO7JoIWGe3jByxWTMDemetro9990cock.li
Unfortunately for you, a major IT security weakness left you open to attack, your files have been encrypted
The only method of recovering files is to purchase decrypt tool and unique key for you.
LOCA NITE ERI 1 fee eal Idd A
In case of no answer in 24 hours write us to this backup e-maik Symbatutanota.com
Check your e-mail Spam or Junk folder if you dont get answer more than 6 hours.
Contact us soon, because those who dont have their data leaked in our press release blog and the price
theyll have to pay will go up significantly.
Attention!
Do not rename encrypted files.
Do not try to decrypt your data using third party software - it may cause permanent data loss.
We are always ready to cooperate and find the best way to solve your problem.
The faster you write - the more favorable conditions will be for you.
Our company values its reputation. We give all guarantees of your files decryption.
om.
4 Windows Server-2008rz
Datacenter"
"70.165.57.167",3389,"tcp","Remote Desktop Protocol","Windows Web Server 2008 R2","United States","US","Rancho Santa Margarita",-117.6031,33.64086,"(A AY.
Hi Company,
Every byte on any types of your devices was encrypted.
Dont try to use backups because it were encrypted too.
To get all your data back contact us:
pedrig046546onionmail.org
Also, be aware that we downloaded files from your servers and in case of non-payment we will be forced to
upload them on our website, and if necessary, we will sell them on the darknet.
Check out our website, we just posted there new updates for our partners:
http:pysa2bitcSideyfak4 seeruqymas4sj5wt qkcq7aoyg4hZacqieywad.onion
To go to our site you have to use TOR Browser. Download link: https:(www.torproject.orgdownload
Q: How can I make sure you dont fooling me7
A; You can send us 2 files(max 2mb).
pon.
Windows Web Server 20082"
"40.113.195.23",3389,"tcp","Remote Desktop Protocol","Windows (build 10.0.17763)","United States","US","Des Moines",-93.60911,41.60054,"All your files have been encrypted due to a security problem with your PC.
If you want to restore them, please send an email hash-keytutanota.com
You have to pay for decryption in Bitcoin. The price depends on how fast you
contact us.
After payment we will send you the decryption tool.
Your unique ID is: kB3aWenYOVEENx3gtUts-2EmHF-iIMtvfWEXJOjO1F4hash-
keytutanota.com
What is our decryption guarantee
Before paying you can send us up to 3 test files for free decryption. The total size of
files must be less than 2Mb (non archived), and files should not contain valuable
information (databases ,backups, large excel sheets, etc.).
Attention!
DO NOT pay any money before decrypting the test files.
DO NOT trust any intermediary. They wont help you and you may be victim of scam.
Just email us, we help you in any steps.
DO NOT reply to other emails. ONLY this email can help you.
Do not rename encrypted files.
Do not try to decrypt your data using third party software, it may cause permanent
data loss."
"172.91.74.218",3389,"tcp","Remote Desktop Protocol","Windows 11 (build 10.0.26100)","United States","US","Santa Monica",-118.4733,34.0268,"Hello my dear friend (Do not scan the files with antivirus in any case. In case of data loss, the
consequences are yours)
Your data is encrypted
Your personal ID:
IsSGBHh750EuWxEgxrMTtRBEWOpOfb85ymY7iCfZDg4Demetro9990cock.li
Unfortunately for you, a major IT security weakness left you open to attack, your files have
been encrypted
The only method of recovering files is to purchase decrypt tool and unique key for you.
Write to our mail - Demetro9990cock.li
In case of no answer in 24 hours write us to this backup e-mail: Symbatutanota.com
Check your e-mail Spam or Junk folder if you dont get answer more than 6 hours.
Contact us soon, because those who dont have their data leaked in our press release blog and
the price theyll have to pay will go up significantly.
Attention!
Do not rename encrypted files.
Do not try to decrypt your data using third party software - it may cause permanent data loss.
We are always ready to cooperate and find the best way to solve your problem.
The faster you write - the more favorable conditions will be for you.
Our company values its reputation. We give all guarantees of your files decryption.
What are your recommencations
- Never change the name of the files, if you want to manipulate the files, be sure to back them
up. If there are any problems with the files, we are not responsible for them.
- Never work with intermediary companies because they charge you more money.Dont be
afraid of us, just email us.
Sensitive data on your system was DOWNLOADED."
"154.53.42.66",3389,"tcp","Remote Desktop Protocol","Windows (build 10.0.17763)","United States","US","St. Louis",-90.19789,38.62727,"Frank Ransomware
All your files are stolen and encrypted
Find FrankHelp.txt file
and follow instructions"
"62.209.129.143",3389,"tcp","Remote Desktop Protocol","Windows 7 Ultimate","Uzbekistan","UZ","Tashkent",69.21627,41.26465,"Happynewyear!
Hi!
All your files are encrypted!
Your decryption ID: rGHvLZwbzwl GOU7U00716Hoj2aj0J1D2VYsMbnSID2ZMdatastorecyberfear.com
We will solve your problem but you need to pay to get your files back
Write us
main email - datastorecyberfear.com
2nd email - back2upswismail.com
CAT le lo) WA Ere Es"
